ad_id,reporting_start,reporting_end,campaign_id,fb_campaign_id,age,gender,interest1,interest2,interest3,impressions,clicks,spent,total_conversion,approved_conversion,CTR,ROI
708746,17/08/2017,17/08/2017,916,103916,30-34,M,15,17,17,7350.0,1,1.429999948,2.0,1.0,0.013605442176870748,39.860144945963306
708749,17/08/2017,17/08/2017,916,103917,30-34,M,16,19,21,17861.0,2,1.820000023,2.0,0.0,0.011197581322434353,9.89010850138874
708771,17/08/2017,17/08/2017,916,103920,30-34,M,20,25,22,693.0,0,0.0,1.0,0.0,0.0,0.0
708815,30/08/2017,30/08/2017,916,103928,30-34,M,28,32,32,4259.0,1,1.25,1.0,0.0,0.023479690068091103,-20.0
708818,17/08/2017,17/08/2017,916,103928,30-34,M,28,33,32,4133.0,1,1.289999962,1.0,1.0,0.024195499637067505,-22.480617871522078
708820,17/08/2017,17/08/2017,916,103929,30-34,M,29,30,30,1915.0,0,0.0,1.0,1.0,0.0,0.0
708889,17/08/2017,17/08/2017,916,103940,30-34,M,15,16,17,15615.0,3,4.769999981,1.0,0.0,0.01921229586935639,-79.03563932949207
708895,17/08/2017,17/08/2017,916,103941,30-34,M,16,20,18,10951.0,1,1.269999981,1.0,1.0,0.009131586156515388,-21.259841341682666
708953,17/08/2017,17/08/2017,916,103951,30-34,M,27,31,31,2355.0,1,1.5,1.0,0.0,0.042462845010615716,-33.33333333333333
708958,30/08/2017,30/08/2017,916,103952,30-34,M,28,32,31,9502.0,3,3.159999967,1.0,0.0,0.03157230056830141,-68.35443004927095
708979,30/08/2017,30/08/2017,916,103955,30-34,M,31,37,34,1224.0,0,0.0,1.0,0.0,0.0,0.0
709023,29/08/2017,29/08/2017,916,103962,30-34,M,7,8,8,735.0,0,0.0,1.0,0.0,0.0,0.0
709038,29/08/2017,29/08/2017,916,103965,30-34,M,16,20,22,5117.0,0,0.0,1.0,0.0,0.0,0.0
709040,29/08/2017,29/08/2017,916,103965,30-34,M,16,19,21,5120.0,0,0.0,1.0,0.0,0.0,0.0
709059,30/08/2017,30/08/2017,916,103968,30-34,M,20,26,23,14669.0,7,10.28000021,1.0,1.0,0.0477196809598473,-90.27237373957213
709105,30/08/2017,30/08/2017,916,103976,30-34,M,28,30,32,1241.0,0,0.0,1.0,1.0,0.0,0.0
709115,30/08/2017,30/08/2017,916,103978,30-34,M,30,34,31,2305.0,1,0.569999993,1.0,0.0,0.04338394793926247,75.43859864573716
709124,30/08/2017,30/08/2017,916,103979,30-34,M,31,34,33,1024.0,0,0.0,1.0,1.0,0.0,0.0
709179,30/08/2017,30/08/2017,916,103988,35-39,M,15,16,17,4627.0,1,1.690000057,1.0,0.0,0.02161227577263886,-40.82840436259228
709183,30/08/2017,30/08/2017,916,103989,35-39,M,16,20,22,21026.0,4,4.630000114,2.0,1.0,0.019024065442785124,-56.80345678712872
709320,17/08/2017,17/08/2017,916,104012,35-39,M,15,21,20,1422.0,0,0.0,1.0,1.0,0.0,0.0
709323,17/08/2017,17/08/2017,916,104012,35-39,M,15,17,19,7132.0,2,2.609999895,1.0,0.0,0.028042624789680313,-61.68582221341431
709326,18/08/2017,18/08/2017,916,104013,35-39,M,16,22,22,12190.0,2,3.049999952,1.0,0.0,0.016406890894175553,-67.21311423810803
709327,18/08/2017,18/08/2017,916,104013,35-39,M,16,22,20,12193.0,2,3.059999943,1.0,1.0,0.01640285409661281,-67.32026082916825
709328,18/08/2017,18/08/2017,916,104013,35-39,M,16,19,18,3332.0,0,0.0,1.0,1.0,0.0,0.0
709455,18/08/2017,18/08/2017,916,104034,35-39,M,7,12,10,559.0,0,0.0,1.0,0.0,0.0,0.0
709544,18/08/2017,18/08/2017,916,104049,35-39,M,29,33,32,7440.0,2,2.980000019,1.0,1.0,0.026881720430107527,-66.44295323408855
709614,19/08/2017,19/08/2017,916,104061,40-44,M,16,19,20,19113.0,4,5.5200001,1.0,0.0,0.020928164076806362,-81.88405829920184
709756,19/08/2017,19/08/2017,916,104085,40-44,M,16,21,21,10976.0,2,1.690000057,1.0,1.0,0.018221574344023325,-40.82840436259228
709761,18/08/2017,18/08/2017,916,104085,40-44,M,16,19,20,2861.0,0,0.0,1.0,0.0,0.0,0.0
709899,18/08/2017,18/08/2017,916,104108,40-44,M,15,18,20,1398.0,0,0.0,1.0,1.0,0.0,0.0
709901,18/08/2017,18/08/2017,916,104109,40-44,M,16,18,20,23817.0,7,8.470000148,1.0,1.0,0.02939077129781249,-88.19362476355886
710045,17/08/2017,17/08/2017,916,104133,45-49,M,16,22,17,47224.0,12,15.82000017,1.0,0.0,0.025410808063696423,-93.6788875521232
710088,17/08/2017,17/08/2017,916,104140,45-49,M,24,26,27,2283.0,1,1.470000029,1.0,0.0,0.043802014892685065,-31.97279045767964
710360,17/08/2017,17/08/2017,916,104185,45-49,M,21,26,24,2182.0,1,1.529999971,1.0,1.0,0.045829514207149404,-34.64052163697721
710477,17/08/2017,17/08/2017,916,104205,30-34,F,16,19,19,2654.0,0,0.0,1.0,1.0,0.0,0.0
710480,17/08/2017,17/08/2017,916,104205,30-34,F,16,21,20,57665.0,14,18.06999969,1.0,1.0,0.024278158328275384,-94.4659655940481
710571,18/08/2017,18/08/2017,916,104220,30-34,F,32,37,38,3091.0,1,1.610000014,1.0,1.0,0.03235198964736331,-37.888199297866585
710617,18/08/2017,18/08/2017,916,104228,30-34,F,15,19,16,5014.0,1,1.190000057,1.0,0.0,0.01994415636218588,-15.966390579761121
710623,18/08/2017,18/08/2017,916,104229,30-34,F,16,19,20,38726.0,7,9.220000267,1.0,0.0,0.018075711408356142,-89.15401332927098
710628,17/08/2017,17/08/2017,916,104230,30-34,F,18,24,22,1473.0,0,0.0,1.0,0.0,0.0,0.0
710682,29/08/2017,29/08/2017,916,104239,30-34,F,27,33,32,1186.0,0,0.0,1.0,0.0,0.0,0.0
710763,29/08/2017,29/08/2017,916,104252,30-34,F,15,19,17,5369.0,1,1.50999999,1.0,0.0,0.018625442354255912,-33.77483399850883
710836,27/08/2017,27/08/2017,916,104265,30-34,F,29,33,31,22221.0,7,9.430000067,1.0,1.0,0.03150173259529274,-89.39554620471881
710867,26/08/2017,26/08/2017,916,104270,30-34,F,63,64,68,1185.0,0,0.0,1.0,0.0,0.0,0.0
710880,26/08/2017,26/08/2017,916,104272,30-34,F,65,70,68,13019.0,5,6.960000038,1.0,0.0,0.038405407481373374,-85.63218398649096
710961,27/08/2017,27/08/2017,916,104285,35-39,F,25,29,26,2508.0,1,1.220000029,1.0,0.0,0.03987240829346093,-18.03278883364682
710968,27/08/2017,27/08/2017,916,104287,35-39,F,27,31,29,5864.0,2,2.799999952,1.0,1.0,0.034106412005457026,-64.28571367346937
711217,27/08/2017,27/08/2017,916,104328,35-39,F,20,26,23,2783.0,1,1.600000024,1.0,0.0,0.035932446999640676,-37.50000093749999
711623,27/08/2017,27/08/2017,916,104396,40-44,F,15,18,20,3812.0,1,1.129999995,2.0,1.0,0.026232948583420776,76.99115122562458
711764,27/08/2017,27/08/2017,916,104419,45-49,F,10,16,11,11199.0,4,5.730000019,1.0,1.0,0.035717474774533436,-82.547993077066
711785,26/08/2017,26/08/2017,916,104423,45-49,F,19,25,23,292.0,0,0.0,1.0,0.0,0.0,0.0
711877,26/08/2017,26/08/2017,916,104438,45-49,F,63,67,65,17572.0,7,9.379999995,1.0,0.0,0.03983610289096289,-89.33901918408263
712052,25/08/2017,25/08/2017,916,104467,45-49,F,10,13,11,1448.0,0,0.0,1.0,1.0,0.0,0.0
734209,25/08/2017,25/08/2017,936,108654,30-34,M,10,16,14,1772.0,0,0.0,1.0,1.0,0.0,0.0
734210,25/08/2017,25/08/2017,936,108654,30-34,M,10,16,13,13329.0,4,5.629999995,1.0,1.0,0.030009753169780176,-82.2380106414192
734215,26/08/2017,26/08/2017,936,108655,30-34,M,15,19,17,13659.0,3,3.840000033,1.0,0.0,0.021963540522732264,-73.95833355712891
734243,26/08/2017,26/08/2017,936,108660,30-34,M,21,23,24,739.0,0,0.0,1.0,1.0,0.0,0.0
734266,26/08/2017,26/08/2017,936,108664,30-34,M,25,30,27,605.0,0,0.0,1.0,0.0,0.0,0.0
734272,26/08/2017,26/08/2017,936,108665,30-34,M,26,32,29,1030.0,0,0.0,1.0,0.0,0.0,0.0
734290,26/08/2017,26/08/2017,936,108668,30-34,M,29,32,35,5374.0,1,1.039999962,4.0,0.0,0.018608113137327877,284.6153986686396
734313,26/08/2017,26/08/2017,936,108672,30-34,M,36,38,38,790.0,0,0.0,1.0,1.0,0.0,0.0
734314,27/08/2017,27/08/2017,936,108672,30-34,M,36,38,38,962.0,0,0.0,1.0,0.0,0.0,0.0
734352,27/08/2017,27/08/2017,936,108678,35-39,M,10,11,16,4423.0,1,1.460000038,1.0,1.0,0.022609088853719195,-31.50685109776689
734361,29/08/2017,29/08/2017,936,108680,35-39,M,16,19,19,12382.0,2,2.839999914,1.0,1.0,0.016152479405588758,-64.78873132810948
734381,29/08/2017,29/08/2017,936,108683,35-39,M,20,25,24,2938.0,1,1.350000024,1.0,1.0,0.03403675970047651,-25.925927242798334
734399,28/08/2017,28/08/2017,936,108686,35-39,M,23,24,27,239.0,0,0.0,1.0,0.0,0.0,0.0
734418,29/08/2017,29/08/2017,936,108689,35-39,M,26,27,28,591.0,0,0.0,1.0,0.0,0.0,0.0
734421,29/08/2017,29/08/2017,936,108690,35-39,M,27,29,32,10332.0,4,5.75,1.0,0.0,0.03871467286101432,-82.6086956521739
734427,29/08/2017,29/08/2017,936,108691,35-39,M,28,29,31,8259.0,3,3.980000019,1.0,0.0,0.03632401017072285,-74.87437197924295
734433,29/08/2017,29/08/2017,936,108692,35-39,M,29,35,31,12158.0,3,4.449999928,1.0,0.0,0.024675111037999672,-77.52808952404999
734582,29/08/2017,29/08/2017,936,108716,40-44,M,29,33,33,7709.0,2,1.320000052,2.0,0.0,0.02594370216629913,51.51514554637306
734605,28/08/2017,28/08/2017,936,108720,40-44,M,36,37,41,834.0,0,0.0,1.0,0.0,0.0,0.0
734660,28/08/2017,28/08/2017,936,108729,45-49,M,18,22,23,1299.0,0,0.0,2.0,0.0,0.0,0.0
734666,28/08/2017,28/08/2017,936,108730,45-49,M,19,24,20,371.0,0,0.0,1.0,0.0,0.0,0.0
734726,28/08/2017,28/08/2017,936,108740,45-49,M,29,30,35,10466.0,3,4.090000033,1.0,0.0,0.02866424613032677,-75.5501224466616
734737,27/08/2017,27/08/2017,936,108742,45-49,M,31,37,33,839.0,0,0.0,1.0,0.0,0.0,0.0
734785,28/08/2017,28/08/2017,936,108750,30-34,F,10,13,13,5576.0,1,1.529999971,1.0,1.0,0.01793400286944046,-34.64052163697721
734794,28/08/2017,28/08/2017,936,108752,30-34,F,16,19,17,4010.0,0,0.0,1.0,0.0,0.0,0.0
734796,28/08/2017,28/08/2017,936,108752,30-34,F,16,22,17,39337.0,7,10.03000009,1.0,1.0,0.017794951318097465,-90.02991035865485
734800,28/08/2017,28/08/2017,936,108753,30-34,F,18,20,20,1635.0,0,0.0,1.0,0.0,0.0,0.0
734803,28/08/2017,28/08/2017,936,108753,30-34,F,18,19,21,1631.0,0,0.0,1.0,0.0,0.0,0.0
734852,28/08/2017,28/08/2017,936,108761,30-34,F,26,30,29,13479.0,3,4.25,1.0,0.0,0.022256843979523704,-76.47058823529412
734854,19/08/2017,19/08/2017,936,108762,30-34,F,27,33,32,57022.0,13,20.29000032,3.0,3.0,0.02279821823155975,-85.21439155896473
734856,19/08/2017,19/08/2017,936,108762,30-34,F,27,28,32,5453.0,1,1.389999986,1.0,1.0,0.018338529249954154,-28.057553232234355
734866,20/08/2017,20/08/2017,936,108764,30-34,F,29,32,31,11803.0,3,4.440000057,1.0,0.0,0.02541726679657714,-77.47747776661797
734881,20/08/2017,20/08/2017,936,108766,30-34,F,31,32,34,4259.0,1,1.570000052,1.0,1.0,0.023479690068091103,-36.30573459369541
734901,20/08/2017,20/08/2017,936,108770,30-34,F,64,70,68,1554.0,0,0.0,1.0,0.0,0.0,0.0
734903,20/08/2017,20/08/2017,936,108770,30-34,F,64,69,67,5323.0,1,1.289999962,1.0,1.0,0.0187863986473793,-22.480617871522078
734925,20/08/2017,20/08/2017,936,108774,35-39,F,10,11,12,5024.0,1,1.409999967,1.0,1.0,0.019904458598726117,-29.07801252452086
734939,20/08/2017,20/08/2017,936,108776,35-39,F,16,19,22,104648.0,24,33.33000004,4.0,2.0,0.022934026450577173,-87.99879989439088
734968,20/08/2017,20/08/2017,936,108781,35-39,F,22,25,27,8504.0,3,3.340000093,1.0,1.0,0.03527751646284102,-70.05988107318295
734999,20/08/2017,20/08/2017,936,108786,35-39,F,27,32,32,20277.0,6,8.050000072,1.0,0.0,0.029590176061547565,-87.57763986265962
735014,19/08/2017,19/08/2017,936,108788,35-39,F,29,34,30,12403.0,4,5.210000038,1.0,1.0,0.032250262033379024,-80.80614217454254
735032,19/08/2017,19/08/2017,936,108791,35-39,F,32,33,34,498.0,0,0.0,1.0,1.0,0.0,0.0
735043,18/08/2017,18/08/2017,936,108793,35-39,F,63,65,69,1357.0,0,0.0,1.0,1.0,0.0,0.0
735048,18/08/2017,18/08/2017,936,108794,35-39,F,64,65,68,1393.0,0,0.0,1.0,0.0,0.0,0.0
735065,19/08/2017,19/08/2017,936,108797,40-44,F,7,10,12,648.0,0,0.0,1.0,0.0,0.0,0.0
735109,19/08/2017,19/08/2017,936,108804,40-44,F,21,26,25,708.0,0,0.0,1.0,1.0,0.0,0.0
735140,19/08/2017,19/08/2017,936,108809,40-44,F,26,27,31,6907.0,2,2.349999964,1.0,0.0,0.02895613146083683,-57.44680785875962
735143,19/08/2017,19/08/2017,936,108810,40-44,F,27,28,30,39035.0,13,19.32999957,1.0,0.0,0.03330344562572051,-94.82669414254933
735151,19/08/2017,19/08/2017,936,108811,40-44,F,28,30,31,926.0,0,0.0,1.0,0.0,0.0,0.0
735184,19/08/2017,19/08/2017,936,108817,40-44,F,63,66,67,4412.0,1,1.450000048,1.0,0.0,0.022665457842248413,-31.034485041617042
735189,21/08/2017,21/08/2017,936,108818,40-44,F,64,65,66,9965.0,3,4.050000072,1.0,0.0,0.030105368790767684,-75.3086424142661
735213,21/08/2017,21/08/2017,936,108822,45-49,F,10,16,11,73634.0,23,32.97999978,1.0,0.0,0.03123557052448597,-96.9678592884454
735220,18/08/2017,18/08/2017,936,108823,45-49,F,15,17,17,69708.0,20,31.28999949,1.0,0.0,0.02869111149365926,-96.80409071173173
735242,18/08/2017,18/08/2017,936,108826,45-49,F,19,25,21,530.0,0,0.0,1.0,0.0,0.0,0.0
735247,18/08/2017,18/08/2017,936,108827,45-49,F,20,24,25,14257.0,6,8.789999962,1.0,0.0,0.04208459002595216,-88.62343567322986
735289,18/08/2017,18/08/2017,936,108834,45-49,F,27,30,30,20362.0,5,9.119999886,1.0,1.0,0.02455554464198016,-89.03508758223684
735290,18/08/2017,18/08/2017,936,108834,45-49,F,27,29,33,12215.0,4,6.26000011,1.0,0.0,0.03274662300450266,-84.02555938613234
735298,18/08/2017,18/08/2017,936,108836,45-49,F,29,31,32,85412.0,28,38.63999999,2.0,1.0,0.03278227883669742,-94.82401656180745
736869,18/08/2017,18/08/2017,936,109448,30-34,M,2,6,8,2338.0,1,0.239999995,1.0,0.0,0.0427715996578272,316.6666753472224
736890,18/08/2017,18/08/2017,936,109451,30-34,M,15,16,20,2522.0,0,0.0,1.0,0.0,0.0,0.0
736893,18/08/2017,18/08/2017,936,109452,30-34,M,16,17,17,3587.0,0,0.0,1.0,0.0,0.0,0.0
736977,18/08/2017,18/08/2017,936,109470,30-34,M,27,30,28,1273.0,0,0.0,1.0,0.0,0.0,0.0
736988,21/08/2017,21/08/2017,936,109472,30-34,M,28,29,29,3891.0,1,1.090000033,1.0,0.0,0.02570033410434336,-8.25688351148884
736995,21/08/2017,21/08/2017,936,109473,30-34,M,29,34,34,1888.0,0,0.0,1.0,0.0,0.0,0.0
736997,21/08/2017,21/08/2017,936,109473,30-34,M,29,32,33,1895.0,0,0.0,1.0,0.0,0.0,0.0
737097,21/08/2017,21/08/2017,936,109498,35-39,M,7,10,11,715.0,0,0.0,1.0,0.0,0.0,0.0
737130,21/08/2017,21/08/2017,936,109507,35-39,M,16,19,18,11199.0,2,2.680000067,1.0,0.0,0.017858737387266718,-62.686568097014906
737320,18/08/2017,18/08/2017,936,109553,35-39,M,63,64,66,5676.0,2,3.00999999,1.0,0.0,0.035236081747709654,-66.77740852749969
737375,21/08/2017,21/08/2017,936,109565,40-44,M,10,11,11,1415.0,0,0.0,1.0,0.0,0.0,0.0
737524,21/08/2017,21/08/2017,936,109601,40-44,M,30,34,33,2148.0,1,1.580000043,1.0,1.0,0.04655493482309125,-36.708862481973995
737644,21/08/2017,21/08/2017,936,109629,45-49,M,16,22,17,45401.0,10,14.06000042,1.0,0.0,0.022025946565053633,-92.88762467903254
737657,18/08/2017,18/08/2017,936,109633,45-49,M,18,23,20,7478.0,2,2.900000095,1.0,1.0,0.02674511901577962,-65.51724250891792
737658,18/08/2017,18/08/2017,936,109633,45-49,M,18,19,24,4919.0,1,1.590000033,1.0,0.0,0.020329335230737954,-37.10691954432179
737674,20/08/2017,20/08/2017,936,109637,45-49,M,20,21,24,533.0,0,0.0,1.0,1.0,0.0,0.0
737766,20/08/2017,20/08/2017,936,109659,45-49,M,29,33,33,1447.0,0,0.0,1.0,1.0,0.0,0.0
737896,20/08/2017,20/08/2017,936,109689,30-34,F,16,21,22,17553.0,3,4.590000153,1.0,0.0,0.017091095539224065,-78.21350835148873
737931,20/08/2017,20/08/2017,936,109698,30-34,F,20,26,24,3343.0,1,0.540000021,1.0,0.0,0.029913251570445706,85.18517798353938
737961,20/08/2017,20/08/2017,936,109706,30-34,F,23,29,28,523.0,0,0.0,1.0,0.0,0.0,0.0
737995,20/08/2017,20/08/2017,936,109714,30-34,F,26,27,31,1873.0,0,0.0,1.0,0.0,0.0,0.0
738006,20/08/2017,20/08/2017,936,109717,30-34,F,27,29,32,34740.0,7,13.41000009,1.0,1.0,0.020149683362118594,-92.5428784989665
738067,20/08/2017,20/08/2017,936,109731,30-34,F,32,37,36,658.0,0,0.0,1.0,0.0,0.0,0.0
738098,20/08/2017,20/08/2017,936,109738,30-34,F,64,70,68,1539.0,0,0.0,1.0,0.0,0.0,0.0
738307,20/08/2017,20/08/2017,936,109788,35-39,F,31,36,36,3010.0,1,0.860000014,1.0,1.0,0.03322259136212625,16.2790678745268
738389,19/08/2017,19/08/2017,936,109808,40-44,F,10,16,12,27081.0,9,10.77000046,1.0,1.0,0.03323363243602526,-90.7149493287951
738408,19/08/2017,19/08/2017,936,109813,40-44,F,16,22,22,20233.0,4,5.590000153,3.0,0.0,0.019769683190826868,-46.33273849930072
738413,19/08/2017,19/08/2017,936,109813,40-44,F,16,17,19,147159.0,36,58.16000044,3.0,1.0,0.024463335575805763,-94.84181571990374
738423,19/08/2017,19/08/2017,936,109816,40-44,F,18,20,24,21664.0,7,10.61999977,1.0,1.0,0.03231166912850812,-90.58380393919727
738436,19/08/2017,19/08/2017,936,109820,40-44,F,19,21,20,9112.0,4,5.460000038,1.0,1.0,0.043898156277436345,-81.68498181244884
738463,20/08/2017,20/08/2017,936,109826,40-44,F,21,23,24,542.0,0,0.0,1.0,0.0,0.0,0.0
738528,19/08/2017,19/08/2017,936,109839,40-44,F,30,34,33,402.0,0,0.0,1.0,1.0,0.0,0.0
738560,19/08/2017,19/08/2017,936,109844,40-44,F,64,70,66,1338.0,0,0.0,1.0,0.0,0.0,0.0
738582,19/08/2017,19/08/2017,936,109848,45-49,F,10,16,12,46150.0,15,20.17999983,1.0,1.0,0.03250270855904659,-95.04459857074241
738592,20/08/2017,20/08/2017,936,109850,45-49,F,16,22,20,493821.0,116,176.3799977,4.0,1.0,0.02349029304140569,-97.73216915060658
738593,20/08/2017,20/08/2017,936,109850,45-49,F,16,17,21,92011.0,27,34.39000046,2.0,1.0,0.029344317527252174,-94.1843559952078
738598,21/08/2017,21/08/2017,936,109851,45-49,F,18,23,24,12956.0,4,5.49000001,1.0,1.0,0.030873726458783574,-81.78506378545526
738606,21/08/2017,21/08/2017,936,109852,45-49,F,19,20,23,529.0,0,0.0,1.0,0.0,0.0,0.0
738637,21/08/2017,21/08/2017,936,109857,45-49,F,24,26,30,944.0,1,1.419999957,1.0,0.0,0.1059322033898305,-29.577462656218934
738648,18/08/2017,18/08/2017,936,109859,45-49,F,26,30,27,111090.0,38,51.97000027,5.0,1.0,0.03420649923485462,-90.37906489508664
747212,18/08/2017,18/08/2017,936,110836,30-34,M,10,16,14,7208.0,2,3.190000057,1.0,0.0,0.02774694783573807,-68.65203817769086
747213,18/08/2017,18/08/2017,936,110836,30-34,M,10,12,11,1746.0,0,0.0,1.0,0.0,0.0,0.0
747220,18/08/2017,18/08/2017,936,110837,30-34,M,15,17,16,2474.0,0,0.0,2.0,2.0,0.0,0.0
747222,18/08/2017,18/08/2017,936,110838,30-34,M,16,22,20,12489.0,2,1.960000038,1.0,0.0,0.016014092401313153,-48.979592825905854
747223,18/08/2017,18/08/2017,936,110838,30-34,M,16,18,18,8032.0,1,0.600000024,2.0,0.0,0.01245019920318725,233.33332000000055
747248,21/08/2017,21/08/2017,936,110842,30-34,M,21,24,24,472.0,0,0.0,1.0,1.0,0.0,0.0
747332,21/08/2017,21/08/2017,936,110856,30-34,M,64,68,65,792.0,0,0.0,1.0,1.0,0.0,0.0
747362,21/08/2017,21/08/2017,936,110861,35-39,M,15,16,18,4607.0,1,1.149999976,1.0,1.0,0.021706099413935316,-13.04347644612472
747369,21/08/2017,21/08/2017,936,110862,35-39,M,16,17,21,13355.0,2,3.180000067,1.0,1.0,0.014975664545114188,-68.55345978204974
747370,20/08/2017,20/08/2017,936,110862,35-39,M,16,17,19,2936.0,0,0.0,1.0,0.0,0.0,0.0
747401,21/08/2017,21/08/2017,936,110867,35-39,M,22,25,25,2793.0,1,0.980000019,1.0,1.0,0.03580379520229145,2.0408143481882934
747435,21/08/2017,21/08/2017,936,110873,35-39,M,28,29,30,1032.0,0,0.0,1.0,0.0,0.0,0.0
747439,21/08/2017,21/08/2017,936,110874,35-39,M,29,35,33,1662.0,0,0.0,1.0,1.0,0.0,0.0
747489,21/08/2017,21/08/2017,936,110882,40-44,M,2,7,6,4016.0,2,1.480000049,1.0,1.0,0.049800796812749,-32.432434669466694
747514,21/08/2017,21/08/2017,936,110886,40-44,M,16,20,17,14843.0,3,2.939999938,1.0,1.0,0.02021154753082261,-65.9863938405294
747645,21/08/2017,21/08/2017,936,110908,45-49,M,10,14,13,9674.0,3,4.600000024,1.0,1.0,0.03101095720487906,-78.26086967863894
747659,25/08/2017,25/08/2017,936,110910,45-49,M,16,21,17,12186.0,2,2.669999957,1.0,0.0,0.016412276382734285,-62.54681587622213
747675,25/08/2017,25/08/2017,936,110913,45-49,M,20,22,21,673.0,0,0.0,1.0,0.0,0.0,0.0
747678,25/08/2017,25/08/2017,936,110914,45-49,M,21,27,23,370.0,0,0.0,1.0,1.0,0.0,0.0
747712,24/08/2017,24/08/2017,936,110919,45-49,M,26,30,29,450.0,0,0.0,1.0,1.0,0.0,0.0
747790,24/08/2017,24/08/2017,936,110932,30-34,F,10,12,14,2077.0,0,0.0,1.0,1.0,0.0,0.0
747791,25/08/2017,25/08/2017,936,110932,30-34,F,10,14,13,31393.0,8,10.96000051,1.0,1.0,0.025483388016436785,-90.87591283332887
747795,25/08/2017,25/08/2017,936,110933,30-34,F,15,21,18,8410.0,2,2.359999895,1.0,1.0,0.023781212841854936,-57.62711675883359
747798,25/08/2017,25/08/2017,936,110934,30-34,F,16,21,20,25884.0,5,7.350000143,1.0,0.0,0.019316952557564517,-86.39455808783377
747824,25/08/2017,25/08/2017,936,110938,30-34,F,21,24,23,608.0,0,0.0,1.0,1.0,0.0,0.0
747828,25/08/2017,25/08/2017,936,110939,30-34,F,22,24,24,28488.0,10,9.340000033,1.0,0.0,0.035102499297950014,-89.29336192219691
747852,24/08/2017,24/08/2017,936,110943,30-34,F,26,32,32,10126.0,3,4.619999886,1.0,0.0,0.02962670353545329,-78.3549778208804
747859,24/08/2017,24/08/2017,936,110944,30-34,F,27,32,33,22572.0,5,8.5,1.0,0.0,0.022151337940811627,-88.23529411764706
747863,24/08/2017,24/08/2017,936,110944,30-34,F,27,30,33,1955.0,0,0.0,1.0,1.0,0.0,0.0
747879,24/08/2017,24/08/2017,936,110947,30-34,F,30,36,31,493.0,0,0.0,1.0,0.0,0.0,0.0
747903,24/08/2017,24/08/2017,936,110951,30-34,F,63,69,69,1491.0,0,0.0,1.0,1.0,0.0,0.0
747911,24/08/2017,24/08/2017,936,110952,30-34,F,64,66,66,1495.0,0,0.0,1.0,1.0,0.0,0.0
747991,24/08/2017,24/08/2017,936,110966,35-39,F,25,31,27,4868.0,2,2.420000076,1.0,0.0,0.041084634346754315,-58.677687248138746
748000,24/08/2017,24/08/2017,936,110967,35-39,F,26,27,32,6585.0,2,2.950000048,1.0,0.0,0.030372057706909643,-66.10169546681988
748007,24/08/2017,24/08/2017,936,110968,35-39,F,27,29,28,10164.0,2,3.720000029,1.0,1.0,0.01967729240456513,-73.11827977945427
748014,24/08/2017,24/08/2017,936,110970,35-39,F,29,31,35,11182.0,4,4.449999809,1.0,0.0,0.03577177606868181,-77.52808892311572
748045,25/08/2017,25/08/2017,936,110975,35-39,F,63,69,64,1238.0,0,0.0,1.0,0.0,0.0,0.0
748086,25/08/2017,25/08/2017,936,110982,40-44,F,16,19,18,34127.0,8,13.07000017,1.0,0.0,0.023441849561930433,-92.34889068865253
748087,26/08/2017,26/08/2017,936,110982,40-44,F,16,22,19,29466.0,7,10.84999967,2.0,0.0,0.02375619357904025,-81.56681971585719
748089,26/08/2017,26/08/2017,936,110982,40-44,F,16,18,21,38759.0,9,10.84999967,1.0,0.0,0.023220413323357156,-90.7834098579286
748091,26/08/2017,26/08/2017,936,110982,40-44,F,16,17,19,41720.0,10,12.06000006,1.0,1.0,0.023969319271332692,-91.70812607773735
748225,26/08/2017,26/08/2017,936,111005,45-49,F,15,16,17,18602.0,5,8.860000134,1.0,0.0,0.026878830233308247,-88.71331845512587
748230,26/08/2017,26/08/2017,936,111006,45-49,F,16,17,20,83929.0,21,27.72999954,4.0,1.0,0.025021148828176194,-85.57518908635366
748231,27/08/2017,27/08/2017,936,111006,45-49,F,16,18,21,25194.0,6,7.349999905,1.0,0.0,0.023815194093831864,-86.3945576472766
748233,27/08/2017,27/08/2017,936,111006,45-49,F,16,22,18,78627.0,19,26.53000045,1.0,0.0,0.0241647271293576,-96.23068231044827
748235,26/08/2017,26/08/2017,936,111006,45-49,F,16,18,19,102695.0,25,39.42999983,3.0,0.0,0.024343931057987246,-92.3915799824136
748294,26/08/2017,26/08/2017,936,111016,45-49,F,27,32,31,82827.0,24,47.93000031,3.0,0.0,0.028976058531638236,-93.74087214563592
748295,26/08/2017,26/08/2017,936,111016,45-49,F,27,31,32,9240.0,3,6.039999962,1.0,0.0,0.032467532467532464,-83.44370850510943
748303,25/08/2017,25/08/2017,936,111018,45-49,F,29,32,33,7706.0,2,2.369999886,1.0,0.0,0.02595380223202699,-57.80590514340641
748314,25/08/2017,25/08/2017,936,111020,45-49,F,31,34,32,7821.0,4,6.340000153,1.0,1.0,0.0511443549418233,-84.22712971817809
748341,25/08/2017,25/08/2017,936,111024,45-49,F,64,67,68,1363.0,0,0.0,1.0,1.0,0.0,0.0
776318,25/08/2017,25/08/2017,936,115484,45-49,F,15,16,19,3569.0,0,0.0,1.0,1.0,0.0,0.0
776322,25/08/2017,25/08/2017,936,115485,45-49,F,16,21,20,119063.0,34,53.21999949,1.0,0.0,0.02855631052468021,-98.12100712216673
776323,26/08/2017,26/08/2017,936,115485,45-49,F,16,17,18,99078.0,23,35.79999948,2.0,0.0,0.023214033387835845,-94.41340774008302
776325,26/08/2017,26/08/2017,936,115485,45-49,F,16,19,20,452398.0,114,180.2200012,1.0,0.0,0.025199050393679902,-99.44512263159389
776334,26/08/2017,26/08/2017,936,115487,45-49,F,10,12,16,191223.0,48,76.41000056,1.0,0.0,0.025101582968575953,-98.69127078566795
776336,26/08/2017,26/08/2017,936,115487,45-49,F,10,15,14,22216.0,6,9.549999952,1.0,0.0,0.02700756211739287,-89.5287957588882
776338,23/08/2017,23/08/2017,936,115487,45-49,F,10,12,11,48291.0,11,18.01999998,1.0,0.0,0.022778571576484233,-94.45061042669323
776353,23/08/2017,23/08/2017,936,115490,40-44,F,63,66,67,27559.0,8,13.37,1.0,0.0,0.0290286294858304,-92.5205684367988
776373,21/08/2017,21/08/2017,936,115493,45-49,F,25,27,27,10194.0,4,4.590000033,2.0,1.0,0.039238767902687856,-56.427015563814486
776383,21/08/2017,21/08/2017,936,115495,45-49,F,23,27,29,1168.0,0,0.0,1.0,1.0,0.0,0.0
776405,21/08/2017,21/08/2017,936,115498,45-49,F,21,25,22,40126.0,16,25.86000001,1.0,0.0,0.03987439565369087,-96.1330239767467
776416,21/08/2017,21/08/2017,936,115500,45-49,F,19,22,20,3659.0,1,0.49000001,1.0,1.0,0.027329871549603715,104.08162848813005
776430,22/08/2017,22/08/2017,936,115503,30-34,M,10,14,16,3200.0,0,0.0,1.0,0.0,0.0,0.0
776464,22/08/2017,22/08/2017,936,115508,45-49,F,29,30,31,7550.0,1,1.679999948,1.0,1.0,0.013245033112582781,-40.47618863378679
776469,22/08/2017,22/08/2017,936,115509,45-49,F,28,33,29,45397.0,15,25.41999936,1.0,1.0,0.03304183095799282,-96.06608959411082
776473,22/08/2017,22/08/2017,936,115510,30-34,M,16,22,22,23086.0,2,3.310000062,1.0,1.0,0.008663259118080222,-69.78852020335702
776475,21/08/2017,21/08/2017,936,115510,30-34,M,16,21,20,16425.0,1,1.549999952,1.0,0.0,0.0060882800608828,-35.48386896982304
776476,21/08/2017,21/08/2017,936,115510,30-34,M,16,17,18,43756.0,5,5.439999938,0.0,0.0,0.011427004296553616,-100.0
776477,21/08/2017,21/08/2017,936,115510,30-34,M,16,22,17,9982.0,0,0.0,1.0,0.0,0.0,0.0
776489,21/08/2017,21/08/2017,936,115512,45-49,F,26,31,28,175389.0,55,81.60999787,1.0,0.0,0.031358865151178236,-98.7746599361601
776494,21/08/2017,21/08/2017,936,115513,30-34,M,15,16,16,7015.0,0,0.0,1.0,0.0,0.0,0.0
776515,21/08/2017,21/08/2017,936,115517,45-49,F,65,68,68,12706.0,3,4.98999989,1.0,1.0,0.023610892491736188,-79.95991939791406
776519,21/08/2017,21/08/2017,936,115517,45-49,F,65,71,67,70702.0,20,31.7099998,1.0,0.0,0.028287742920992336,-96.84642066759017
776533,21/08/2017,21/08/2017,936,115520,45-49,F,63,64,68,63927.0,16,25.52000046,2.0,0.0,0.025028548187776684,-92.1630095456511
776534,21/08/2017,21/08/2017,936,115520,45-49,F,63,69,67,15105.0,3,4.25999999,1.0,0.0,0.019860973187686197,-76.52582154114043
776538,21/08/2017,21/08/2017,936,115521,30-34,F,15,16,19,8774.0,1,1.830000043,1.0,0.0,0.011397310234784592,-45.355192540834274
776551,21/08/2017,21/08/2017,936,115523,30-34,F,16,18,22,14459.0,1,1.389999986,1.0,0.0,0.006916107614634484,-28.057553232234355
776552,22/08/2017,22/08/2017,936,115523,30-34,F,16,17,18,21596.0,2,2.809999943,1.0,0.0,0.009260974254491572,-64.41281066602498
776553,22/08/2017,22/08/2017,936,115523,30-34,F,16,21,17,66765.0,8,11.04999971,1.0,0.0,0.011982326069048154,-90.9502260068385
776563,23/08/2017,23/08/2017,936,115525,30-34,F,7,9,13,1369.0,0,0.0,1.0,1.0,0.0,0.0
776579,23/08/2017,23/08/2017,936,115527,30-34,F,10,13,14,26910.0,5,7.229999781,1.0,0.0,0.01858045336306206,-86.16874093650819
776603,23/08/2017,23/08/2017,936,115531,30-34,F,2,3,6,506.0,0,0.0,1.0,0.0,0.0,0.0
776615,23/08/2017,23/08/2017,936,115533,45-49,M,63,66,68,11988.0,3,4.269999862,1.0,0.0,0.025025025025025023,-76.58079549605381
776623,23/08/2017,23/08/2017,936,115535,45-49,M,64,69,65,19353.0,6,9.4799999,1.0,1.0,0.031002945279801578,-89.45147668197761
776631,23/08/2017,23/08/2017,936,115536,40-44,M,29,35,33,10960.0,2,2.890000105,1.0,0.0,0.01824817518248175,-65.39792513260133
776643,23/08/2017,23/08/2017,936,115538,30-34,M,15,18,18,33491.0,6,10.56999969,2.0,1.0,0.017915260816338718,-81.07852356994724
776644,23/08/2017,23/08/2017,936,115538,30-34,M,15,21,20,20083.0,2,3.200000048,2.0,1.0,0.009958671513220135,-37.50000093749999
776659,23/08/2017,23/08/2017,936,115541,30-34,M,16,19,22,8817.0,0,0.0,1.0,1.0,0.0,0.0
776661,23/08/2017,23/08/2017,936,115541,30-34,M,16,18,22,15466.0,1,0.970000029,1.0,0.0,0.006465795939480151,3.092780422999344
776662,22/08/2017,22/08/2017,936,115541,30-34,M,16,18,22,27072.0,3,4.370000005,1.0,0.0,0.011081560283687944,-77.11670483167426
776663,22/08/2017,22/08/2017,936,115541,30-34,M,16,19,22,15753.0,1,0.569999993,1.0,1.0,0.006347997206881229,75.43859864573716
776668,22/08/2017,22/08/2017,936,115542,40-44,M,19,21,24,3523.0,1,1.809999943,1.0,1.0,0.02838489923360772,-44.751379475595925
776685,22/08/2017,22/08/2017,936,115545,40-44,M,16,22,17,7745.0,0,0.0,1.0,0.0,0.0,0.0
776686,22/08/2017,22/08/2017,936,115545,40-44,M,16,17,21,18709.0,2,3.319999933,1.0,0.0,0.010690042225666791,-69.87951746443605
776687,23/08/2017,23/08/2017,936,115545,40-44,M,16,20,20,8022.0,0,0.0,2.0,1.0,0.0,0.0
776696,22/08/2017,22/08/2017,936,115547,30-34,M,10,11,12,7966.0,1,1.179999948,1.0,1.0,0.012553351744915892,-15.254233553576398
776697,22/08/2017,22/08/2017,936,115547,30-34,M,10,14,13,4132.0,0,0.0,1.0,1.0,0.0,0.0
776698,22/08/2017,22/08/2017,936,115547,30-34,M,10,14,16,12785.0,3,4.730000019,2.0,1.0,0.023464998044583497,-57.71670207259676
776699,27/08/2017,27/08/2017,936,115547,30-34,M,10,16,16,8213.0,1,1.379999995,1.0,1.0,0.0121758188238159,-27.536231621508083
776722,27/08/2017,27/08/2017,936,115551,30-34,M,2,4,7,545.0,0,0.0,1.0,1.0,0.0,0.0
776725,22/08/2017,22/08/2017,936,115552,40-44,M,23,26,27,2479.0,1,1.25999999,1.0,0.0,0.04033884630899556,-20.63492000503905
776780,22/08/2017,22/08/2017,936,115561,40-44,M,2,4,3,3812.0,2,3.049999952,1.0,0.0,0.05246589716684155,-67.21311423810803
776793,22/08/2017,22/08/2017,936,115563,45-49,M,21,23,26,1609.0,0,0.0,1.0,0.0,0.0,0.0
776799,22/08/2017,22/08/2017,936,115564,45-49,M,20,22,26,10257.0,3,3.579999924,1.0,1.0,0.029248318221702253,-72.06703851315501
776817,22/08/2017,22/08/2017,936,115567,40-44,M,10,14,16,12356.0,4,6.279999971,1.0,0.0,0.03237293622531564,-84.07643304748672
776825,23/08/2017,23/08/2017,936,115568,45-49,M,18,23,20,7410.0,1,1.210000038,1.0,0.0,0.013495276653171389,-17.355374496277495
776829,23/08/2017,23/08/2017,936,115569,45-49,M,16,20,19,140098.0,28,46.63000011,1.0,0.0,0.0199860097931448,-97.8554578648059
776831,22/08/2017,22/08/2017,936,115569,45-49,M,16,18,20,107021.0,20,34.44000012,1.0,0.0,0.018687921062221433,-97.096399545541
776840,22/08/2017,22/08/2017,936,115571,35-39,M,36,38,40,2797.0,1,1.289999962,1.0,0.0,0.03575259206292456,-22.480617871522078
776861,22/08/2017,22/08/2017,936,115574,45-49,M,7,9,12,16461.0,6,9.21999979,1.0,0.0,0.03644979041370512,-89.15401276814995
776892,30/08/2017,30/08/2017,936,115580,40-44,M,63,66,69,17488.0,5,7.719999909,1.0,0.0,0.028591033851784083,-87.04663197166367
776928,30/08/2017,30/08/2017,936,115586,35-39,M,10,11,15,9750.0,2,1.5,1.0,1.0,0.020512820512820513,-33.33333333333333
776935,30/08/2017,30/08/2017,936,115587,45-49,M,36,41,38,1136.0,0,0.0,1.0,1.0,0.0,0.0
777105,30/08/2017,30/08/2017,936,115615,45-49,M,63,67,67,4333.0,1,0.180000007,1.0,1.0,0.02307869836141242,455.55553395061816
777130,30/08/2017,30/08/2017,936,115619,35-39,M,16,21,22,6260.0,0,0.0,1.0,0.0,0.0,0.0
777131,22/08/2017,22/08/2017,936,115619,35-39,M,16,19,21,6359.0,0,0.0,1.0,0.0,0.0,0.0
777166,30/08/2017,30/08/2017,936,115625,30-34,M,63,69,65,2383.0,0,0.0,1.0,1.0,0.0,0.0
777187,30/08/2017,30/08/2017,936,115629,40-44,M,27,31,28,11292.0,3,5.389999866,1.0,1.0,0.026567481402763018,-81.44712384302683
777198,30/08/2017,30/08/2017,936,115631,30-34,M,64,70,69,12729.0,4,5.779999852,1.0,0.0,0.031424306701233404,-82.6989614947139
777200,23/08/2017,23/08/2017,936,115631,30-34,M,64,69,70,1898.0,0,0.0,1.0,1.0,0.0,0.0
777201,23/08/2017,23/08/2017,936,115631,30-34,M,64,69,65,1882.0,0,0.0,1.0,1.0,0.0,0.0
777235,24/08/2017,24/08/2017,936,115637,30-34,M,65,66,67,2883.0,1,0.99000001,1.0,1.0,0.0346860908775581,1.0100999897969656
777248,24/08/2017,24/08/2017,936,115639,30-34,F,7,9,10,3989.0,1,1.279999971,1.0,0.0,0.0250689395838556,-21.874998229980434
777261,24/08/2017,24/08/2017,936,115641,40-44,M,29,31,34,19603.0,4,5.279999971,1.0,1.0,0.020405040044891087,-81.06060595658288
777382,25/08/2017,25/08/2017,936,115675,40-44,M,24,26,27,3047.0,1,1.379999995,1.0,0.0,0.03281916639317361,-27.536231621508083
777398,25/08/2017,25/08/2017,936,115677,35-39,M,24,27,30,3029.0,1,1.049999952,1.0,1.0,0.033014196104324864,-4.761900408163072
777410,25/08/2017,25/08/2017,936,115679,45-49,M,26,29,28,3490.0,1,1.340000033,1.0,1.0,0.028653295128939826,-25.373136166183958
777482,25/08/2017,25/08/2017,936,115691,45-49,M,28,32,32,2479.0,0,0.0,1.0,0.0,0.0,0.0
777495,25/08/2017,25/08/2017,936,115693,40-44,M,19,25,25,19581.0,7,10.42999983,2.0,0.0,0.0357489402992697,-80.82454427039046
777519,24/08/2017,24/08/2017,936,115697,45-49,M,29,34,32,19537.0,5,6.099999905,1.0,0.0,0.025592465578133796,-83.60655712174146
777625,24/08/2017,24/08/2017,936,115715,45-49,M,16,17,19,59433.0,12,19.65999949,3.0,0.0,0.020190803089192872,-84.7405896346745
777627,23/08/2017,23/08/2017,936,115715,45-49,M,16,17,19,157534.0,33,56.19000077,2.0,0.0,0.020947858874909544,-96.44064785087562
777638,23/08/2017,23/08/2017,936,115717,40-44,M,7,10,12,1781.0,0,0.0,1.0,1.0,0.0,0.0
777670,23/08/2017,23/08/2017,936,115723,40-44,M,16,19,19,23769.0,4,6.029999852,1.0,0.0,0.016828642349278472,-83.41625166593786
777673,23/08/2017,23/08/2017,936,115723,40-44,M,16,18,17,7101.0,0,0.0,1.0,0.0,0.0,0.0
777742,23/08/2017,23/08/2017,936,115735,35-39,M,64,69,68,4726.0,1,1.830000043,1.0,1.0,0.021159542953872196,-45.355192540834274
777758,24/08/2017,24/08/2017,936,115737,30-34,M,19,20,20,5209.0,1,0.959999979,2.0,0.0,0.01919754271453254,108.33333789062509
777794,24/08/2017,24/08/2017,936,115743,30-34,M,18,23,24,13473.0,3,2.619999945,3.0,0.0,0.0222667557336896,14.503819197599258
777816,23/08/2017,23/08/2017,936,115747,40-44,M,2,7,7,500.0,0,0.0,1.0,1.0,0.0,0.0
777871,23/08/2017,23/08/2017,936,115756,30-34,M,20,26,23,4616.0,1,1.360000014,1.0,0.0,0.02166377816291161,-26.470588992214523
777904,30/08/2017,30/08/2017,936,115762,30-34,M,31,32,33,3279.0,0,0.0,1.0,0.0,0.0,0.0
777905,30/08/2017,30/08/2017,936,115762,30-34,M,31,36,36,3288.0,0,0.0,1.0,0.0,0.0,0.0
778037,28/08/2017,28/08/2017,936,115784,35-39,M,27,29,28,14615.0,4,6.050000191,1.0,0.0,0.027369141293191925,-83.47107490198755
778048,28/08/2017,28/08/2017,936,115786,30-34,M,27,28,29,56615.0,12,19.88000035,2.0,0.0,0.021195796167093526,-89.93963800408082
778085,28/08/2017,28/08/2017,936,115792,30-34,M,26,32,31,11735.0,3,4.529999971,1.0,1.0,0.025564550489987216,-77.9249446710427
778087,28/08/2017,28/08/2017,936,115792,30-34,M,26,30,32,15910.0,5,6.779999852,1.0,0.0,0.03142677561282212,-85.25073714116654
778112,28/08/2017,28/08/2017,936,115796,35-39,M,29,33,35,11446.0,2,3.090000033,1.0,1.0,0.017473353136466887,-67.63754079869292
778113,28/08/2017,28/08/2017,936,115796,35-39,M,29,35,35,4595.0,0,0.0,1.0,0.0,0.0,0.0
778124,28/08/2017,28/08/2017,936,115798,30-34,M,29,34,32,4871.0,0,0.0,1.0,0.0,0.0,0.0
778148,28/08/2017,28/08/2017,936,115802,35-39,M,28,32,30,3199.0,0,0.0,1.0,0.0,0.0,0.0
778156,28/08/2017,28/08/2017,936,115804,30-34,M,28,32,31,9388.0,2,3.140000105,1.0,0.0,0.021303792074989347,-68.1528673069901
778161,27/08/2017,27/08/2017,936,115804,30-34,M,28,31,33,17954.0,6,7.5400002,2.0,1.0,0.03341873677175003,-73.47480176459412
778208,27/08/2017,27/08/2017,936,115812,40-44,F,29,32,32,2755.0,0,0.0,1.0,0.0,0.0,0.0
778264,27/08/2017,27/08/2017,936,115822,40-44,F,27,31,30,8152.0,1,0.99000001,1.0,0.0,0.01226692836113837,1.0100999897969656
778266,27/08/2017,27/08/2017,936,115822,40-44,F,27,32,28,74542.0,19,34.1500001,1.0,0.0,0.025488986074964446,-97.07174232189827
778421,27/08/2017,27/08/2017,936,115848,40-44,F,20,21,23,6699.0,2,3.090000033,1.0,0.0,0.02985520226899537,-67.63754079869292
778422,27/08/2017,27/08/2017,936,115848,40-44,F,20,25,24,11911.0,4,3.959999919,1.0,0.0,0.033582402820921835,-74.74747423094581
778461,27/08/2017,27/08/2017,936,115854,40-44,M,29,35,33,10090.0,2,2.650000095,1.0,1.0,0.019821605550049554,-62.264152296190765
778471,27/08/2017,27/08/2017,936,115856,30-34,M,32,35,36,1273.0,0,0.0,1.0,1.0,0.0,0.0
778483,27/08/2017,27/08/2017,936,115858,40-44,F,18,24,20,24188.0,5,8.179999828,1.0,0.0,0.020671407309409626,-87.77506086764187
778529,27/08/2017,27/08/2017,936,115866,30-34,M,31,35,33,2214.0,0,0.0,1.0,0.0,0.0,0.0
778556,28/08/2017,28/08/2017,936,115870,40-44,M,32,35,38,9735.0,4,4.130000114,1.0,1.0,0.04108885464817669,-75.78692560781852
778590,28/08/2017,28/08/2017,936,115876,30-34,M,30,36,36,1371.0,0,0.0,1.0,1.0,0.0,0.0
778600,29/08/2017,29/08/2017,936,115878,40-44,F,22,23,25,10750.0,4,5.389999866,1.0,0.0,0.037209302325581395,-81.44712384302683
778626,29/08/2017,29/08/2017,936,115882,30-34,M,29,33,35,7629.0,1,0.720000029,1.0,1.0,0.013107877834578582,38.8888832947533
778628,29/08/2017,29/08/2017,936,115882,30-34,M,29,35,30,4608.0,0,0.0,1.0,0.0,0.0,0.0
778674,29/08/2017,29/08/2017,936,115890,35-39,M,29,31,30,3732.0,0,0.0,1.0,0.0,0.0,0.0
778689,30/08/2017,30/08/2017,936,115892,30-34,M,28,32,32,7453.0,1,1.679999948,1.0,1.0,0.013417415805715819,-40.47618863378679
778722,30/08/2017,30/08/2017,936,115898,35-39,F,64,70,67,41785.0,14,19.10000038,1.0,0.0,0.033504846236687806,-94.76439800992297
778737,30/08/2017,30/08/2017,936,115900,35-39,M,27,32,30,8077.0,2,3.579999924,1.0,1.0,0.02476166893648632,-72.06703851315501
778756,30/08/2017,30/08/2017,936,115904,35-39,F,63,65,65,5602.0,1,1.580000043,1.0,0.0,0.01785076758300607,-36.708862481973995
778804,30/08/2017,30/08/2017,936,115912,30-34,M,26,29,29,6184.0,2,2.75,1.0,1.0,0.03234152652005175,-63.63636363636363
778808,29/08/2017,29/08/2017,936,115912,30-34,M,26,28,29,1738.0,0,0.0,1.0,0.0,0.0,0.0
778964,29/08/2017,29/08/2017,936,115938,35-39,F,27,33,28,112460.0,25,41.29000068,1.0,0.0,0.0222301262671172,-97.57810611883961
779057,29/08/2017,29/08/2017,936,115954,40-44,M,15,21,21,4414.0,0,0.0,1.0,0.0,0.0,0.0
779106,28/08/2017,28/08/2017,936,115962,35-39,F,30,35,36,14670.0,7,9.410000324,1.0,0.0,0.047716428084526245,-89.37300780479761
779438,28/08/2017,28/08/2017,936,116031,30-34,F,64,66,69,33144.0,9,13.40999985,1.0,0.0,0.02715423606082549,-92.54287836550571
779453,29/08/2017,29/08/2017,936,116033,45-49,M,64,68,70,4397.0,1,0.949999988,1.0,0.0,0.02274277916761428,5.263159224376753
779488,29/08/2017,29/08/2017,936,116039,45-49,M,65,68,69,1006.0,0,0.0,1.0,0.0,0.0,0.0
779573,29/08/2017,29/08/2017,936,116053,35-39,F,10,13,16,89527.0,24,32.28999996,1.0,0.0,0.02680755526265819,-96.90306596085854
779608,29/08/2017,29/08/2017,936,116059,35-39,F,15,18,16,2459.0,0,0.0,1.0,0.0,0.0,0.0
779609,29/08/2017,29/08/2017,936,116059,35-39,F,15,20,18,7116.0,2,1.730000019,1.0,1.0,0.028105677346824058,-42.19653242674328
779622,29/08/2017,29/08/2017,936,116061,30-34,F,15,18,17,8613.0,1,0.889999986,2.0,0.0,0.011610356437942644,124.7191046585028
779631,19/08/2017,19/08/2017,936,116063,35-39,F,16,19,18,9730.0,1,1.379999995,1.0,0.0,0.010277492291880781,-27.536231621508083
779644,19/08/2017,19/08/2017,936,116065,30-34,F,16,20,20,51816.0,8,10.2299999,2.0,1.0,0.015439246564767639,-80.44965767790477
779645,22/08/2017,22/08/2017,936,116065,30-34,F,16,21,20,27289.0,3,4.429999828,1.0,0.0,0.010993440580453663,-77.42663569241114
779715,22/08/2017,22/08/2017,936,116077,30-34,F,29,32,33,20409.0,4,3.829999924,1.0,0.0,0.019599196432946248,-73.89033890748453
779716,22/08/2017,22/08/2017,936,116077,30-34,F,29,32,34,8044.0,1,1.110000014,1.0,0.0,0.012431626056688214,-9.909911046181294
779738,22/08/2017,22/08/2017,936,116081,30-34,F,28,32,33,15645.0,4,5.349999905,1.0,0.0,0.02556727388942154,-81.30841088304655
779778,22/08/2017,22/08/2017,936,116087,30-34,F,31,37,34,2466.0,0,0.0,2.0,2.0,0.0,0.0
779789,22/08/2017,22/08/2017,936,116089,45-49,M,10,14,13,11611.0,3,3.950000048,1.0,1.0,0.025837567823615536,-74.68354461144047
779824,22/08/2017,22/08/2017,936,116095,45-49,M,7,13,9,9375.0,3,4.019999981,1.0,0.0,0.032,-75.12437799188139
779871,22/08/2017,22/08/2017,936,116103,30-34,F,32,37,34,4402.0,1,1.330000043,1.0,1.0,0.022716946842344387,-24.81203250607715
779918,22/08/2017,22/08/2017,936,116111,30-34,F,18,23,24,8469.0,2,3.089999914,1.0,0.0,0.02361553902467824,-67.63753955237165
779922,22/08/2017,22/08/2017,936,116111,30-34,F,18,22,24,5823.0,1,1.419999957,1.0,1.0,0.01717327837884252,-29.577462656218934
779944,21/08/2017,21/08/2017,936,116115,35-39,M,10,13,16,2549.0,0,0.0,1.0,0.0,0.0,0.0
779979,21/08/2017,21/08/2017,936,116121,35-39,M,16,17,21,25817.0,4,6.019999981,1.0,0.0,0.015493666963628618,-83.3887042665092
779995,21/08/2017,21/08/2017,936,116123,30-34,F,20,24,25,1961.0,0,0.0,1.0,0.0,0.0,0.0
780064,21/08/2017,21/08/2017,936,116135,30-34,F,22,24,25,2554.0,0,0.0,1.0,0.0,0.0,0.0
780104,21/08/2017,21/08/2017,936,116147,30-34,F,25,27,26,4971.0,1,1.230000019,1.0,1.0,0.020116676725005028,-18.699188247736117
780199,22/08/2017,22/08/2017,936,116163,35-39,F,23,28,27,1030.0,0,0.0,1.0,1.0,0.0,0.0
780318,22/08/2017,22/08/2017,936,116183,45-49,F,29,32,31,162341.0,56,77.07999969,3.0,0.0,0.034495290776821626,-96.1079397871492
780323,21/08/2017,21/08/2017,936,116183,45-49,F,29,35,34,24542.0,7,9.329999924,1.0,0.0,0.028522532800912718,-89.28188630068846
780486,21/08/2017,21/08/2017,936,116216,30-34,F,65,69,71,2879.0,0,0.0,1.0,1.0,0.0,0.0
780498,22/08/2017,22/08/2017,936,116218,30-34,F,64,65,68,13621.0,3,4.090000033,1.0,0.0,0.02202481462447691,-75.5501224466616
780511,23/08/2017,23/08/2017,936,116220,30-34,F,63,65,66,6175.0,1,1.370000005,2.0,1.0,0.016194331983805668,45.985400927060574
780629,24/08/2017,24/08/2017,936,116240,30-34,F,28,34,34,2963.0,0,0.0,1.0,0.0,0.0,0.0
780653,24/08/2017,24/08/2017,936,116244,30-34,F,29,33,35,9076.0,1,1.379999995,1.0,1.0,0.011018069634200088,-27.536231621508083
780655,24/08/2017,24/08/2017,936,116244,30-34,F,29,33,34,20941.0,4,5.909999967,1.0,1.0,0.019101284561386753,-83.07952613225454
780666,24/08/2017,24/08/2017,936,116246,45-49,F,10,13,13,3462.0,0,0.0,1.0,0.0,0.0,0.0
780681,24/08/2017,24/08/2017,936,116248,30-34,F,26,29,29,4073.0,0,0.0,1.0,1.0,0.0,0.0
780700,18/08/2017,18/08/2017,936,116252,30-34,F,27,33,30,3745.0,0,0.0,1.0,0.0,0.0,0.0
780748,18/08/2017,18/08/2017,936,116265,30-34,F,24,26,28,830.0,0,0.0,1.0,0.0,0.0,0.0
780759,18/08/2017,18/08/2017,936,116267,45-49,F,18,24,22,2912.0,0,0.0,1.0,0.0,0.0,0.0
780760,24/08/2017,24/08/2017,936,116267,45-49,F,18,23,22,17167.0,5,6.910000086,1.0,0.0,0.029125648045669014,-85.52822015116833
780797,24/08/2017,24/08/2017,936,116273,30-34,F,22,25,25,24491.0,7,9.539999962,1.0,0.0,0.028581928055203952,-89.51781966474603
780799,23/08/2017,23/08/2017,936,116273,30-34,F,22,24,26,44699.0,13,17.30000037,2.0,0.0,0.029083424685115995,-88.43930660563333
780821,23/08/2017,23/08/2017,936,116277,30-34,F,23,24,25,6469.0,2,1.309999943,1.0,0.0,0.030916679548616478,-23.664118815919675
780830,23/08/2017,23/08/2017,936,116279,45-49,F,16,17,17,16053.0,3,4.079999924,1.0,1.0,0.018688095683049896,-75.49019562187618
780835,23/08/2017,23/08/2017,936,116279,45-49,F,16,21,21,54724.0,12,17.92999995,1.0,1.0,0.02192822162122652,-94.42275514339865
780867,23/08/2017,23/08/2017,936,116285,30-34,F,21,27,26,4706.0,1,1.220000029,1.0,0.0,0.021249468763280918,-18.03278883364682
780974,23/08/2017,23/08/2017,936,116303,40-44,F,32,38,36,8316.0,3,4.569999933,1.0,1.0,0.03607503607503607,-78.11816160479582
781066,23/08/2017,23/08/2017,936,116323,40-44,F,22,26,25,5794.0,2,2.269999981,1.0,0.0,0.03451846738004832,-55.94713619515224
781114,23/08/2017,23/08/2017,936,116331,40-44,F,18,24,22,4813.0,1,1.029999971,1.0,0.0,0.02077706212341575,-2.912618625695094
781159,23/08/2017,23/08/2017,936,116339,40-44,F,10,15,11,85285.0,26,36.13000035,1.0,0.0,0.03048601747083309,-97.23221702099984
781162,21/08/2017,21/08/2017,936,116339,40-44,F,10,11,13,5839.0,1,1.370000005,1.0,0.0,0.017126220243192325,-27.007299536469713
781175,21/08/2017,21/08/2017,936,116341,40-44,F,15,16,21,5859.0,1,1.539999962,1.0,0.0,0.017067759003242877,-35.06493346264122
781187,18/08/2017,18/08/2017,936,116343,40-44,F,16,22,19,164118.0,41,59.06999993,1.0,0.0,0.024982025128261375,-98.30709327715417
781195,18/08/2017,18/08/2017,936,116345,35-39,F,63,67,69,18234.0,6,7.810000062,1.0,0.0,0.03290556103981573,-87.19590279050628
781207,18/08/2017,18/08/2017,936,116347,35-39,F,64,67,70,2755.0,0,0.0,1.0,0.0,0.0,0.0
781303,19/08/2017,19/08/2017,936,116363,35-39,F,27,29,30,73676.0,20,28.5,1.0,0.0,0.027145881969705195,-96.49122807017544
781305,19/08/2017,19/08/2017,936,116363,35-39,F,27,30,28,18421.0,7,10.07999992,1.0,0.0,0.03800010857173878,-90.07936500062989
781327,19/08/2017,19/08/2017,936,116367,35-39,F,29,35,35,164754.0,49,67.97999978,2.0,1.0,0.02974131128834505,-97.05795821348559
781353,19/08/2017,19/08/2017,936,116371,35-39,F,10,13,15,7449.0,1,1.639999986,1.0,1.0,0.013424620754463686,-39.02438972337894
781354,19/08/2017,19/08/2017,936,116371,35-39,F,10,14,16,6424.0,1,0.529999971,1.0,0.0,0.015566625155666251,88.67925560697815
781438,18/08/2017,18/08/2017,936,116385,30-34,M,63,65,68,2086.0,0,0.0,1.0,0.0,0.0,0.0
781470,18/08/2017,18/08/2017,936,116391,35-39,M,16,17,18,6016.0,0,0.0,1.0,0.0,0.0,0.0
781499,18/08/2017,18/08/2017,936,116395,35-39,M,15,21,20,6412.0,1,1.370000005,1.0,0.0,0.015595757953836557,-27.007299536469713
781508,24/08/2017,24/08/2017,936,116397,30-34,F,63,68,64,5040.0,1,1.440000057,1.0,0.0,0.01984126984126984,-30.55555830439804
781556,24/08/2017,24/08/2017,936,116405,30-34,F,32,37,36,1772.0,0,0.0,1.0,0.0,0.0,0.0
781559,18/08/2017,18/08/2017,936,116405,30-34,F,32,38,34,1783.0,0,0.0,1.0,0.0,0.0,0.0
781606,18/08/2017,18/08/2017,936,116413,35-39,M,20,21,24,8200.0,3,3.919999957,1.0,0.0,0.036585365853658534,-74.48979563853602
781690,18/08/2017,18/08/2017,936,116427,45-49,F,26,28,30,115896.0,38,49.44000006,1.0,0.0,0.03278801684268655,-97.97734628077183
781811,18/08/2017,18/08/2017,936,116447,35-39,F,16,17,22,10186.0,1,1.230000019,1.0,1.0,0.0098173964264677,-18.699188247736117
781857,18/08/2017,18/08/2017,936,116455,30-34,M,20,21,24,9134.0,3,4.180000067,2.0,0.0,0.032844317932997594,-52.153110814770706
781858,18/08/2017,18/08/2017,936,116455,30-34,M,20,25,22,3385.0,1,1.440000057,1.0,1.0,0.029542097488921712,-30.55555830439804
781907,19/08/2017,19/08/2017,936,116463,45-49,F,21,27,23,1314.0,0,0.0,1.0,0.0,0.0,0.0
781928,19/08/2017,19/08/2017,936,116467,30-34,M,18,21,22,2916.0,0,0.0,1.0,1.0,0.0,0.0
781929,20/08/2017,20/08/2017,936,116467,30-34,M,18,21,21,6142.0,1,1.330000043,1.0,0.0,0.0162813415825464,-24.81203250607715
781950,20/08/2017,20/08/2017,936,116471,30-34,F,20,26,21,1984.0,0,0.0,1.0,0.0,0.0,0.0
781999,20/08/2017,20/08/2017,936,116479,30-34,M,24,30,29,9142.0,3,3.749999881,1.0,0.0,0.03281557646029316,-73.33333248711108
782001,20/08/2017,20/08/2017,936,116479,30-34,M,24,30,28,5475.0,2,2.730000019,1.0,1.0,0.0365296803652968,-63.36996362489769
782022,20/08/2017,20/08/2017,936,116483,30-34,F,18,24,20,8254.0,2,2.320000052,1.0,1.0,0.0242306760358614,-56.89655269024968
782026,21/08/2017,21/08/2017,936,116483,30-34,F,18,24,20,5704.0,1,1.320000052,1.0,0.0,0.01753155680224404,-24.24242722681347
782130,21/08/2017,21/08/2017,936,116501,30-34,F,16,18,21,7301.0,0,0.0,1.0,0.0,0.0,0.0
782134,21/08/2017,21/08/2017,936,116501,30-34,F,16,19,21,37873.0,5,6.169999957,1.0,1.0,0.013202017268238586,-83.79254445754934
782135,20/08/2017,20/08/2017,936,116501,30-34,F,16,20,17,25267.0,4,4.940000057,2.0,1.0,0.015830925713381093,-59.51417050763001
782171,20/08/2017,20/08/2017,936,116507,30-34,F,30,31,32,535.0,0,0.0,1.0,0.0,0.0,0.0
782180,19/08/2017,19/08/2017,936,116509,30-34,M,29,34,30,3396.0,0,0.0,1.0,0.0,0.0,0.0
782219,19/08/2017,19/08/2017,936,116515,30-34,M,26,27,32,977.0,0,0.0,1.0,0.0,0.0,0.0
782228,19/08/2017,19/08/2017,936,116517,40-44,F,63,64,66,12318.0,5,6.340000153,1.0,1.0,0.040591005033284625,-84.22712971817809
782242,19/08/2017,19/08/2017,936,116519,30-34,F,28,34,31,4783.0,1,0.860000014,1.0,0.0,0.02090738030524775,16.2790678745268
782275,19/08/2017,19/08/2017,936,116525,30-34,F,29,31,30,6475.0,1,1.350000024,1.0,0.0,0.015444015444015444,-25.925927242798334
782337,20/08/2017,20/08/2017,936,116535,45-49,F,16,18,19,104578.0,29,39.25000095,1.0,1.0,0.027730497810246894,-97.45222936102884
782407,20/08/2017,20/08/2017,936,116547,45-49,F,10,12,11,33664.0,11,12.51000035,1.0,0.0,0.03267585551330798,-92.00639510773475
782443,20/08/2017,20/08/2017,936,116553,40-44,F,20,25,24,979.0,0,0.0,1.0,0.0,0.0,0.0
782541,20/08/2017,20/08/2017,936,116569,40-44,F,28,29,30,7337.0,3,4.079999924,1.0,0.0,0.04088864658579801,-75.49019562187618
782587,18/08/2017,18/08/2017,936,116577,30-34,M,10,13,16,2499.0,0,0.0,1.0,0.0,0.0,0.0
782647,18/08/2017,18/08/2017,936,116587,40-44,F,27,33,30,11244.0,3,4.550000191,1.0,0.0,0.026680896478121666,-78.02197894457187
782658,23/08/2017,23/08/2017,936,116589,30-34,M,15,17,19,4827.0,0,0.0,1.0,0.0,0.0,0.0
782694,23/08/2017,23/08/2017,936,116595,35-39,F,29,31,35,29035.0,7,8.910000086,2.0,2.0,0.024108834165662132,-77.55331110330137
782706,23/08/2017,23/08/2017,936,116597,35-39,F,30,32,32,761.0,0,0.0,1.0,0.0,0.0,0.0
782754,23/08/2017,23/08/2017,936,116605,35-39,F,26,31,32,6532.0,1,1.610000014,1.0,0.0,0.015309246785058175,-37.888199297866585
782815,23/08/2017,23/08/2017,936,116615,40-44,F,10,16,15,11537.0,3,4.300000191,1.0,0.0,0.026003293750541737,-76.7441870795024
782816,23/08/2017,23/08/2017,936,116615,40-44,F,10,13,11,12183.0,3,2.869999945,1.0,0.0,0.02462447672986949,-65.15679375736015
782862,23/08/2017,23/08/2017,936,116623,35-39,F,64,70,67,5912.0,1,1.559999943,1.0,1.0,0.016914749661705007,-35.89743355522674
950068,23/08/2017,23/08/2017,936,123438,30-34,M,10,12,13,4012.0,1,1.570000052,1.0,0.0,0.024925224327018942,-36.30573459369541
950078,22/08/2017,22/08/2017,936,123440,30-34,M,16,22,17,12396.0,2,3.210000038,2.0,1.0,0.016134236850596968,-37.694704787414715
950079,22/08/2017,22/08/2017,936,123440,30-34,M,16,20,22,3142.0,0,0.0,2.0,2.0,0.0,0.0
950099,22/08/2017,22/08/2017,936,123443,30-34,M,18,23,23,1120.0,0,0.0,1.0,0.0,0.0,0.0
950109,22/08/2017,22/08/2017,936,123445,30-34,M,20,24,22,343.0,0,0.0,1.0,1.0,0.0,0.0
950170,22/08/2017,22/08/2017,936,123455,30-34,M,15,19,16,1720.0,0,0.0,1.0,1.0,0.0,0.0
950179,22/08/2017,22/08/2017,936,123457,30-34,M,16,22,19,3423.0,0,0.0,1.0,1.0,0.0,0.0
950182,22/08/2017,22/08/2017,936,123457,30-34,M,16,20,19,3242.0,0,0.0,1.0,0.0,0.0,0.0
950183,22/08/2017,22/08/2017,936,123457,30-34,M,16,22,19,15720.0,1,1.379999995,1.0,0.0,0.006361323155216285,-27.536231621508083
950200,22/08/2017,22/08/2017,936,123460,30-34,M,10,13,15,1217.0,0,0.0,1.0,1.0,0.0,0.0
950224,22/08/2017,22/08/2017,936,123464,40-44,M,20,21,23,2367.0,2,2.839999914,1.0,1.0,0.08449514152936206,-64.78873132810948
950326,22/08/2017,22/08/2017,936,123481,35-39,M,16,19,22,6607.0,1,1.320000052,2.0,0.0,0.015135462388375966,51.51514554637306
950345,23/08/2017,23/08/2017,936,123484,30-34,M,64,66,65,616.0,0,0.0,1.0,0.0,0.0,0.0
950452,23/08/2017,23/08/2017,936,123502,45-49,M,16,22,22,5537.0,1,1.519999981,1.0,0.0,0.018060321473722232,-34.21052549342104
950463,19/08/2017,19/08/2017,936,123504,45-49,M,15,19,18,818.0,0,0.0,1.0,0.0,0.0,0.0
950495,19/08/2017,19/08/2017,936,123509,45-49,M,21,25,25,1909.0,1,0.980000019,1.0,0.0,0.05238344683080147,2.0408143481882934
950521,18/08/2017,18/08/2017,936,123514,30-34,M,21,27,25,351.0,0,0.0,1.0,0.0,0.0,0.0
950531,19/08/2017,19/08/2017,936,123515,45-49,M,22,24,26,572.0,0,0.0,1.0,0.0,0.0,0.0
950537,19/08/2017,19/08/2017,936,123516,40-44,M,36,41,40,1884.0,1,1.409999967,1.0,0.0,0.05307855626326964,-29.07801252452086
950550,19/08/2017,19/08/2017,936,123519,30-34,M,30,35,36,219.0,0,0.0,1.0,0.0,0.0,0.0
950577,19/08/2017,19/08/2017,936,123523,30-34,M,32,38,34,540.0,0,0.0,1.0,1.0,0.0,0.0
950578,19/08/2017,19/08/2017,936,123523,30-34,M,32,37,37,550.0,0,0.0,1.0,0.0,0.0,0.0
950595,18/08/2017,18/08/2017,936,123526,30-34,M,26,30,31,465.0,0,0.0,1.0,0.0,0.0,0.0
950609,18/08/2017,18/08/2017,936,123528,30-34,M,29,31,35,1761.0,0,0.0,1.0,1.0,0.0,0.0
950629,23/08/2017,23/08/2017,936,123532,30-34,M,65,67,68,152.0,0,0.0,1.0,1.0,0.0,0.0
950631,23/08/2017,23/08/2017,936,123532,30-34,M,65,70,70,152.0,0,0.0,1.0,1.0,0.0,0.0
950649,23/08/2017,23/08/2017,936,123535,30-34,M,64,67,70,429.0,0,0.0,1.0,0.0,0.0,0.0
950745,18/08/2017,18/08/2017,936,123551,30-34,M,29,32,31,1514.0,0,0.0,2.0,2.0,0.0,0.0
950770,18/08/2017,18/08/2017,936,123555,30-34,M,28,31,30,7780.0,3,4.329999924,2.0,2.0,0.038560411311053984,-53.81062274586774
950772,18/08/2017,18/08/2017,936,123556,35-39,M,28,30,33,460.0,0,0.0,1.0,0.0,0.0,0.0
950773,18/08/2017,18/08/2017,936,123556,35-39,M,28,29,32,471.0,0,0.0,1.0,0.0,0.0,0.0
950776,18/08/2017,18/08/2017,936,123556,35-39,M,28,29,32,2633.0,1,1.070000052,1.0,0.0,0.0379794910748196,-6.542060616647515
950787,18/08/2017,18/08/2017,936,123558,30-34,M,27,32,30,199.0,0,0.0,1.0,0.0,0.0,0.0
950808,22/08/2017,22/08/2017,936,123562,35-39,M,32,33,38,398.0,0,0.0,1.0,0.0,0.0,0.0
950839,22/08/2017,22/08/2017,936,123567,30-34,M,24,29,25,246.0,0,0.0,2.0,2.0,0.0,0.0
950878,19/08/2017,19/08/2017,936,123573,40-44,M,10,11,15,2967.0,1,1.5,1.0,1.0,0.03370407819346141,-33.33333333333333
950969,19/08/2017,19/08/2017,936,123588,45-49,M,36,38,40,255.0,0,0.0,1.0,0.0,0.0,0.0
951021,19/08/2017,19/08/2017,936,123597,30-34,F,7,13,9,457.0,0,0.0,1.0,1.0,0.0,0.0
951033,19/08/2017,19/08/2017,936,123599,30-34,F,10,13,13,5517.0,1,1.230000019,1.0,0.0,0.018125793003443903,-18.699188247736117
951035,19/08/2017,19/08/2017,936,123599,30-34,F,10,15,12,1539.0,0,0.0,1.0,1.0,0.0,0.0
951043,19/08/2017,19/08/2017,936,123601,30-34,F,16,22,17,3189.0,0,0.0,1.0,0.0,0.0,0.0
951045,19/08/2017,19/08/2017,936,123601,30-34,F,16,20,21,3348.0,0,0.0,1.0,0.0,0.0,0.0
951046,19/08/2017,19/08/2017,936,123601,30-34,F,16,18,17,20050.0,4,4.659999847,4.0,1.0,0.019950124688279305,-14.163087310504796
951102,19/08/2017,19/08/2017,936,123611,45-49,M,16,18,19,2254.0,0,0.0,1.0,0.0,0.0,0.0
951105,19/08/2017,19/08/2017,936,123611,45-49,M,16,20,21,5894.0,1,1.539999962,1.0,1.0,0.0169664065151001,-35.06493346264122
951133,18/08/2017,18/08/2017,936,123616,35-39,M,16,21,19,9948.0,2,2.720000029,2.0,0.0,0.02010454362685967,-26.47058901924739
951202,18/08/2017,18/08/2017,936,123627,45-49,F,26,29,28,5307.0,3,4.289999962,2.0,1.0,0.05652911249293386,-53.37995296700191
951225,18/08/2017,18/08/2017,936,123631,35-39,F,22,28,28,4621.0,2,3.25,1.0,1.0,0.04328067517853278,-69.23076923076923
951270,18/08/2017,18/08/2017,936,123639,35-39,F,18,21,19,784.0,0,0.0,1.0,1.0,0.0,0.0
951282,18/08/2017,18/08/2017,936,123641,35-39,F,16,22,17,5775.0,1,1.580000043,1.0,1.0,0.017316017316017316,-36.708862481973995
951285,19/08/2017,19/08/2017,936,123641,35-39,F,16,20,20,9297.0,2,2.619999886,2.0,1.0,0.021512315800795954,-23.664118815919675
951294,19/08/2017,19/08/2017,936,123643,35-39,F,15,16,17,699.0,0,0.0,1.0,0.0,0.0,0.0
951305,19/08/2017,19/08/2017,936,123644,35-39,F,10,12,13,1104.0,0,0.0,1.0,0.0,0.0,0.0
951334,18/08/2017,18/08/2017,936,123649,30-34,F,64,70,69,3717.0,1,1.539999962,1.0,0.0,0.026903416733925208,-35.06493346264122
951391,19/08/2017,19/08/2017,936,123659,30-34,F,28,29,33,2879.0,1,1.590000033,2.0,2.0,0.03473428273706148,25.786160911356415
951392,20/08/2017,20/08/2017,936,123659,30-34,F,28,31,32,2749.0,1,1.389999986,1.0,0.0,0.036376864314296105,-28.057553232234355
951400,21/08/2017,21/08/2017,936,123660,45-49,F,10,12,15,24028.0,9,12.39000034,2.0,0.0,0.03745630098218745,-83.85795040260669
951402,21/08/2017,21/08/2017,936,123661,30-34,F,29,32,31,1118.0,0,0.0,1.0,1.0,0.0,0.0
951413,21/08/2017,21/08/2017,936,123662,30-34,F,26,29,27,1083.0,0,0.0,2.0,1.0,0.0,0.0
951420,21/08/2017,21/08/2017,936,123664,30-34,F,27,33,32,843.0,0,0.0,1.0,0.0,0.0,0.0
951444,21/08/2017,21/08/2017,936,123668,30-34,F,25,28,26,2983.0,1,0.970000029,1.0,0.0,0.03352329869259135,3.092780422999344
951448,22/08/2017,22/08/2017,936,123668,30-34,F,25,30,28,696.0,0,0.0,1.0,0.0,0.0,0.0
951462,21/08/2017,21/08/2017,936,123671,45-49,F,16,20,19,7589.0,2,3.150000095,1.0,1.0,0.02635393332454869,-68.25396921138824
951464,21/08/2017,21/08/2017,936,123671,45-49,F,16,17,21,20997.0,10,11.94999981,1.0,0.0,0.0476258513120922,-91.63179903012903
951465,21/08/2017,21/08/2017,936,123671,45-49,F,16,18,17,4617.0,1,1.360000014,1.0,0.0,0.021659085986571368,-26.470588992214523
951498,21/08/2017,21/08/2017,936,123677,45-49,F,20,22,21,259.0,0,0.0,1.0,0.0,0.0,0.0
951508,21/08/2017,21/08/2017,936,123678,30-34,F,18,21,22,1134.0,0,0.0,1.0,0.0,0.0,0.0
951542,20/08/2017,20/08/2017,936,123684,40-44,F,27,32,28,357.0,0,0.0,1.0,0.0,0.0,0.0
951607,20/08/2017,20/08/2017,936,123695,40-44,F,10,15,15,848.0,0,0.0,1.0,1.0,0.0,0.0
951608,20/08/2017,20/08/2017,936,123695,40-44,F,10,15,13,3149.0,1,1.480000019,1.0,0.0,0.031756113051762465,-32.4324332998539
951641,20/08/2017,20/08/2017,936,123700,40-44,F,2,4,7,87.0,0,0.0,1.0,1.0,0.0,0.0
951677,20/08/2017,20/08/2017,936,123706,35-39,F,27,28,31,2563.0,1,1.480000019,1.0,0.0,0.03901677721420211,-32.4324332998539
951692,21/08/2017,21/08/2017,936,123709,35-39,F,10,15,14,1107.0,0,0.0,1.0,0.0,0.0,0.0
951715,20/08/2017,20/08/2017,936,123713,45-49,F,64,65,65,10677.0,5,7.269999981,1.0,0.0,0.04682963379226374,-86.24484177973206
951756,20/08/2017,20/08/2017,936,123720,35-39,F,22,25,26,2189.0,1,0.409999996,1.0,0.0,0.04568296025582458,143.90244140392625
951779,20/08/2017,20/08/2017,936,123723,45-49,F,27,32,29,3277.0,2,2.680000067,1.0,0.0,0.061031431187061336,-62.686568097014906
951782,24/08/2017,24/08/2017,936,123724,45-49,F,26,30,29,781.0,0,0.0,1.0,0.0,0.0,0.0
951810,24/08/2017,24/08/2017,936,123729,35-39,F,16,17,22,2226.0,0,0.0,1.0,0.0,0.0,0.0
951812,29/08/2017,29/08/2017,936,123729,35-39,F,16,18,18,16274.0,4,6.079999924,2.0,0.0,0.02457908320019663,-67.10526274671052
951837,29/08/2017,29/08/2017,936,123733,45-49,F,20,23,23,2077.0,1,1.50999999,1.0,1.0,0.04814636494944632,-33.77483399850883
951854,25/08/2017,25/08/2017,936,123736,30-34,F,20,26,25,487.0,0,0.0,1.0,0.0,0.0,0.0
951856,25/08/2017,25/08/2017,936,123736,30-34,F,20,23,21,4626.0,2,2.099999905,2.0,0.0,0.043233895373973194,-4.761900453514534
951941,25/08/2017,25/08/2017,936,123750,30-34,F,28,33,34,2764.0,1,1.559999943,1.0,1.0,0.0361794500723589,-35.89743355522674
952001,25/08/2017,25/08/2017,936,123760,45-49,F,10,12,13,5447.0,2,2.960000038,1.0,0.0,0.03671745915182669,-66.21621664992695
952031,25/08/2017,25/08/2017,936,123765,40-44,F,16,17,17,28169.0,8,12.36999989,1.0,1.0,0.028400014200007102,-91.91592555462827
952080,29/08/2017,29/08/2017,936,123774,40-44,F,27,30,30,415.0,0,0.0,1.0,0.0,0.0,0.0
952100,29/08/2017,29/08/2017,936,123777,35-39,F,29,31,30,810.0,0,0.0,1.0,1.0,0.0,0.0
1121091,28/08/2017,28/08/2017,1178,144531,30-34,M,10,11,15,1194718.0,141,254.049996,28.0,14.0,0.011801948242179327,-88.97854735648176
1121092,28/08/2017,28/08/2017,1178,144531,30-34,M,10,12,11,637648.0,67,122.4,13.0,5.0,0.010507364564775551,-89.37908496732027
1121094,28/08/2017,28/08/2017,1178,144531,30-34,M,10,16,15,24362.0,0,0.0,1.0,1.0,0.0,0.0
1121095,28/08/2017,28/08/2017,1178,144531,30-34,M,10,16,12,459690.0,50,86.33000112,5.0,2.0,0.010876895299005852,-94.2082706647369
1121096,28/08/2017,28/08/2017,1178,144531,30-34,M,10,11,16,750060.0,86,161.9099991,11.0,2.0,0.01146574940671413,-93.20610211775364
1121097,29/08/2017,29/08/2017,1178,144532,30-34,M,15,18,18,30068.0,1,1.820000052,1.0,0.0,0.0033257948649727284,-45.05494662480372
1121098,29/08/2017,29/08/2017,1178,144532,30-34,M,15,18,21,1267550.0,123,236.7699986,24.0,10.0,0.009703759220543567,-89.86358063018547
1121100,29/08/2017,29/08/2017,1178,144532,30-34,M,15,20,17,3052003.0,340,639.9499981,60.0,17.0,0.011140224960460392,-90.6242674930637
1121101,28/08/2017,28/08/2017,1178,144532,30-34,M,15,17,21,29945.0,1,1.590000033,2.0,1.0,0.0033394556687259976,25.786160911356415
1121102,25/08/2017,25/08/2017,1178,144532,30-34,M,15,18,20,357856.0,30,52.97000015,7.0,3.0,0.008383260305821335,-86.78497266343693
1121104,25/08/2017,25/08/2017,1178,144533,30-34,M,16,20,20,2080666.0,202,360.1500015,40.0,21.0,0.009708429896965683,-88.89351663656733
1121105,26/08/2017,26/08/2017,1178,144533,30-34,M,16,22,19,145999.0,9,16.5200001,5.0,2.0,0.006164425783738245,-69.73365635754445
1121107,26/08/2017,26/08/2017,1178,144533,30-34,M,16,17,19,32616.0,1,1.539999962,2.0,0.0,0.00306597988717194,29.870133074717568
1121108,26/08/2017,26/08/2017,1178,144533,30-34,M,16,20,18,984521.0,95,163.8999972,26.0,14.0,0.00964936248185666,-84.13666842942447
1121110,26/08/2017,26/08/2017,1178,144534,30-34,M,18,20,22,880814.0,123,210.3600006,6.0,2.0,0.013964355698251843,-97.14774672804408
1121111,26/08/2017,26/08/2017,1178,144534,30-34,M,18,19,21,182452.0,20,35.73000026,4.0,1.0,0.010961787209786683,-88.80492591409794
1121113,27/08/2017,27/08/2017,1178,144534,30-34,M,18,24,24,894911.0,120,215.8399994,7.0,4.0,0.013409154653367766,-96.75685692204463
1121114,27/08/2017,27/08/2017,1178,144534,30-34,M,18,23,23,31349.0,2,3.800000072,1.0,0.0,0.006379788828989761,-73.68421102493073
1121115,26/08/2017,26/08/2017,1178,144535,30-34,M,19,21,21,410310.0,55,96.80000055,3.0,0.0,0.01340449903731325,-96.90082646388993
1121116,26/08/2017,26/08/2017,1178,144535,30-34,M,19,20,24,572450.0,89,157.329998,7.0,4.0,0.015547209363263169,-95.55075313736417
1121117,26/08/2017,26/08/2017,1178,144535,30-34,M,19,24,25,98759.0,15,26.56999946,1.0,1.0,0.015188489150355918,-96.23635671688493
1121119,25/08/2017,25/08/2017,1178,144535,30-34,M,19,21,22,345371.0,54,93.08999991,7.0,3.0,0.015635360235804394,-92.48039530909051
1121121,25/08/2017,25/08/2017,1178,144536,30-34,M,20,22,25,323899.0,46,78.9200002,5.0,1.0,0.014201958017777148,-93.66447036577681
1121122,25/08/2017,25/08/2017,1178,144536,30-34,M,20,21,25,399199.0,58,103.1500002,3.0,0.0,0.014529094511759799,-97.09161415978359
1121123,25/08/2017,25/08/2017,1178,144536,30-34,M,20,24,22,171202.0,22,36.53000021,3.0,1.0,0.01285031716919195,-91.78757190595702
1121124,26/08/2017,26/08/2017,1178,144536,30-34,M,20,26,24,128386.0,15,28.85000002,2.0,1.0,0.011683516894365429,-93.06759099267411
1121125,26/08/2017,26/08/2017,1178,144536,30-34,M,20,26,24,1034284.0,152,257.7099986,20.0,9.0,0.01469615695495628,-92.23933874950555
1121126,26/08/2017,26/08/2017,1178,144536,30-34,M,20,21,24,45923.0,5,7.220000148,2.0,0.0,0.010887790431809768,-72.29916954289791
1121127,26/08/2017,26/08/2017,1178,144537,30-34,M,21,23,22,40873.0,4,7.899999976,2.0,1.0,0.009786411567538473,-74.68354422688672
1121128,26/08/2017,26/08/2017,1178,144537,30-34,M,21,26,22,286553.0,34,62.06000042,2.0,1.0,0.01186516979406951,-96.77731230025022
1121129,28/08/2017,28/08/2017,1178,144537,30-34,M,21,25,25,20618.0,1,2.099999905,2.0,1.0,0.004850130953535745,-4.761900453514534
1121131,28/08/2017,28/08/2017,1178,144537,30-34,M,21,27,25,83591.0,7,14.14000046,2.0,2.0,0.008374107260350995,-85.85572889012481
1121132,21/08/2017,21/08/2017,1178,144537,30-34,M,21,23,27,114923.0,12,23.73000026,4.0,2.0,0.010441774057412354,-83.1437001425469
1121133,21/08/2017,21/08/2017,1178,144538,30-34,M,22,25,23,25002.0,1,1.710000038,1.0,0.0,0.003999680025597952,-41.52046913580244
1121134,21/08/2017,21/08/2017,1178,144538,30-34,M,22,27,28,68905.0,5,9.440000057,1.0,0.0,0.007256367462448299,-89.40677972498024
1121136,21/08/2017,21/08/2017,1178,144538,30-34,M,22,26,26,169588.0,16,27.79999924,1.0,0.0,0.00943462980871288,-96.40287759950313
1121138,21/08/2017,21/08/2017,1178,144538,30-34,M,22,26,24,328991.0,35,67.65000057,5.0,2.0,0.010638588897568626,-92.60901706153525
1121141,21/08/2017,21/08/2017,1178,144539,30-34,M,23,29,27,23198.0,2,2.980000019,1.0,0.0,0.008621432882145013,-66.44295323408855
1121142,21/08/2017,21/08/2017,1178,144539,30-34,M,23,24,27,26890.0,2,3.24000001,1.0,0.0,0.007437709185570845,-69.13580256439568
1121143,21/08/2017,21/08/2017,1178,144539,30-34,M,23,28,27,221695.0,31,52.26000011,5.0,2.0,0.013983175082884144,-90.43245313915862
1121152,20/08/2017,20/08/2017,1178,144541,30-34,M,24,29,28,88443.0,7,13.0400002,1.0,1.0,0.007914702124532184,-92.33128846117656
1121153,20/08/2017,20/08/2017,1178,144541,30-34,M,24,27,30,187856.0,23,38.38999975,5.0,1.0,0.012243420492291969,-86.97577485657577
1121164,19/08/2017,19/08/2017,1178,144545,30-34,M,25,31,30,570699.0,80,138.7699997,9.0,2.0,0.014017897350442177,-93.51444835378204
1121167,19/08/2017,19/08/2017,1178,144545,30-34,M,25,29,31,1063508.0,145,260.3800013,23.0,7.0,0.013634124049842596,-91.16675632338588
1121168,19/08/2017,19/08/2017,1178,144545,30-34,M,25,27,28,50523.0,6,8.549999952,1.0,0.0,0.011875779348019715,-88.30409350159023
1121172,20/08/2017,20/08/2017,1178,144547,30-34,M,26,30,28,87935.0,9,15.63000023,1.0,0.0,0.010234832546767499,-93.60204743899739
1121173,20/08/2017,20/08/2017,1178,144547,30-34,M,26,31,32,278225.0,33,60.19999957,3.0,0.0,0.011860903944649115,-95.01661126008543
1121175,20/08/2017,20/08/2017,1178,144547,30-34,M,26,28,29,209461.0,20,34.19000006,1.0,0.0,0.009548316870443663,-97.07516818296256
1121177,20/08/2017,20/08/2017,1178,144547,30-34,M,26,28,29,26316.0,2,3.24000001,3.0,0.0,0.007599939200486396,-7.407407693187018
1121181,20/08/2017,20/08/2017,1178,144549,30-34,M,27,32,29,41030.0,3,5.140000105,2.0,1.0,0.0073117231294175,-61.089494958288526
1121182,20/08/2017,20/08/2017,1178,144549,30-34,M,27,28,33,876671.0,120,216.5599982,22.0,4.0,0.013688145267723011,-89.84115248297965
1121183,21/08/2017,21/08/2017,1178,144549,30-34,M,27,32,29,399392.0,53,93.07000041,5.0,0.0,0.013270170659402291,-94.6276996046271
1121184,22/08/2017,22/08/2017,1178,144549,30-34,M,27,31,29,283858.0,30,56.05999923,1.0,0.0,0.01056866461399714,-98.21619690735768
1121185,23/08/2017,23/08/2017,1178,144549,30-34,M,27,28,29,260699.0,31,54.09999871,5.0,2.0,0.011891108136203055,-90.75785560217437
1121193,23/08/2017,23/08/2017,1178,144552,30-34,M,28,34,29,57781.0,5,7.800000072,2.0,1.0,0.008653363562416711,-74.35897459566074
1121195,23/08/2017,23/08/2017,1178,144552,30-34,M,28,34,33,38757.0,3,5.220000029,1.0,0.0,0.007740537193281214,-80.8429119838229
1121196,23/08/2017,23/08/2017,1178,144552,30-34,M,28,29,29,1392288.0,206,358.5500029,31.0,7.0,0.014795789376910524,-91.35406505389265
1121197,23/08/2017,23/08/2017,1178,144552,30-34,M,28,30,32,1109387.0,159,280.9899995,13.0,2.0,0.014332239335777326,-95.3735008280962
1121202,28/08/2017,28/08/2017,1178,144554,30-34,M,29,32,34,581281.0,65,115.1200008,10.0,5.0,0.011182199314961266,-91.31341215209582
1121203,23/08/2017,23/08/2017,1178,144554,30-34,M,29,35,33,1048861.0,128,219.770002,22.0,8.0,0.012203714314861551,-89.98953460445435
1121205,23/08/2017,23/08/2017,1178,144554,30-34,M,29,32,30,297452.0,30,52.01999986,4.0,1.0,0.010085660879738579,-92.31064972940199
1121206,23/08/2017,23/08/2017,1178,144554,30-34,M,29,34,31,227925.0,22,35.30999994,22.0,12.0,0.009652297905012614,-37.69470394397287
1121207,23/08/2017,23/08/2017,1178,144554,30-34,M,29,34,31,374175.0,38,63.32000101,8.0,3.0,0.010155675820137636,-87.3657614144122
1121211,23/08/2017,23/08/2017,1178,144556,30-34,M,30,32,31,223586.0,32,54.24000037,1.0,0.0,0.014312166235810829,-98.15634219546743
1121213,22/08/2017,22/08/2017,1178,144556,30-34,M,30,31,35,283170.0,39,65.22999996,2.0,1.0,0.013772645407352473,-96.93392610573903
1121215,22/08/2017,22/08/2017,1178,144556,30-34,M,30,31,34,41636.0,3,4.210000038,1.0,0.0,0.00720530310308387,-76.2470310932572
1121216,22/08/2017,22/08/2017,1178,144556,30-34,M,30,32,34,198658.0,30,48.60999978,8.0,1.0,0.01510132992378862,-83.5424808965099
1121220,22/08/2017,22/08/2017,1178,144558,30-34,M,31,37,35,100596.0,10,13.91999972,4.0,2.0,0.009940753111455723,-71.26436723807636
1121223,22/08/2017,22/08/2017,1178,144558,30-34,M,31,37,35,64020.0,5,11.0599997,1.0,0.0,0.0078100593564511085,-90.95840843467654
1121224,23/08/2017,23/08/2017,1178,144558,30-34,M,31,32,33,14289.0,0,0.0,1.0,0.0,0.0,0.0
1121229,22/08/2017,22/08/2017,1178,144561,30-34,M,32,36,37,404866.0,43,87.42000079,4.0,0.0,0.010620797992422184,-95.42438805324564
1121231,22/08/2017,22/08/2017,1178,144561,30-34,M,32,36,35,22256.0,1,1.659999967,1.0,1.0,0.004493170381020849,-39.759034947016964
1121233,22/08/2017,22/08/2017,1178,144561,30-34,M,32,34,36,57690.0,4,6.74000001,1.0,0.0,0.006933610677760443,-85.16320476978753
1121241,27/08/2017,27/08/2017,1178,144562,30-34,M,36,40,37,24952.0,5,8.220000267,3.0,2.0,0.020038473869830074,-63.50365082050185
1121242,27/08/2017,27/08/2017,1178,144562,30-34,M,36,37,39,38900.0,3,5.580000043,1.0,0.0,0.007712082262210797,-82.07885318469701
1121243,22/08/2017,22/08/2017,1178,144562,30-34,M,36,42,42,53520.0,6,9.2299999,1.0,1.0,0.011210762331838564,-89.16576369627046
1121244,22/08/2017,22/08/2017,1178,144562,30-34,M,36,41,41,181683.0,20,34.22999972,2.0,1.0,0.011008184585239125,-94.15717202348841
1121245,22/08/2017,22/08/2017,1178,144562,30-34,M,36,37,40,29185.0,2,3.149999976,1.0,0.0,0.00685283536063046,-68.25396801209372
1121246,22/08/2017,22/08/2017,1178,144562,30-34,M,36,41,38,105047.0,13,20.2099994,3.0,1.0,0.01237541291041153,-85.1558629932468
1121250,22/08/2017,22/08/2017,1178,144565,30-34,M,63,67,64,287976.0,31,59.43999982,3.0,2.0,0.010764785954385087,-94.95289365900945
1121251,23/08/2017,23/08/2017,1178,144565,30-34,M,63,65,69,212175.0,22,38.58999968,2.0,1.0,0.010368799340167314,-94.81731014100905
1121252,23/08/2017,23/08/2017,1178,144565,30-34,M,63,69,67,11139.0,0,0.0,1.0,1.0,0.0,0.0
1121254,22/08/2017,22/08/2017,1178,144565,30-34,M,63,64,65,124005.0,11,21.84999979,4.0,1.0,0.008870610056046127,-81.69336366844881
1121255,22/08/2017,22/08/2017,1178,144565,30-34,M,63,64,67,20423.0,1,1.960000038,1.0,0.0,0.0048964402879106885,-48.979592825905854
1121261,22/08/2017,22/08/2017,1178,144567,30-34,M,64,67,65,103001.0,14,22.32000005,1.0,0.0,0.013592101047562644,-95.51971327168522
1121262,30/08/2017,30/08/2017,1178,144567,30-34,M,64,66,67,447420.0,66,110.2399991,7.0,2.0,0.014751240445219258,-93.65021765498182
1121263,30/08/2017,30/08/2017,1178,144567,30-34,M,64,66,69,156101.0,19,29.75000048,2.0,2.0,0.012171606844286711,-93.27731103283666
1121264,30/08/2017,30/08/2017,1178,144567,30-34,M,64,70,67,93015.0,12,18.47000015,1.0,0.0,0.012901144976616674,-94.58581487883745
1121265,22/08/2017,22/08/2017,1178,144568,30-34,M,65,70,68,145398.0,23,36.24000025,1.0,0.0,0.015818649499993124,-97.24061812058072
1121269,22/08/2017,22/08/2017,1178,144568,30-34,M,65,67,67,296413.0,50,76.43999958,3.0,1.0,0.01686835597628984,-96.07535319664636
1121273,22/08/2017,22/08/2017,1178,144569,30-34,M,2,4,4,9370.0,0,0.0,1.0,1.0,0.0,0.0
1121274,22/08/2017,22/08/2017,1178,144569,30-34,M,2,4,7,63785.0,7,11.80000019,6.0,2.0,0.010974367014188288,-49.1525431916116
1121275,22/08/2017,22/08/2017,1178,144569,30-34,M,2,8,3,118522.0,14,26.81999981,2.0,1.0,0.011812153018005096,-92.54287839609049
1121276,22/08/2017,22/08/2017,1178,144569,30-34,M,2,5,5,240123.0,38,65.67000115,5.0,4.0,0.015825222906593703,-92.38617342402773
1121277,23/08/2017,23/08/2017,1178,144570,30-34,M,7,9,13,169108.0,20,32.24000025,2.0,1.0,0.011826761596139745,-93.79652610269443
1121278,23/08/2017,23/08/2017,1178,144570,30-34,M,7,13,10,1044442.0,142,245.5999999,22.0,8.0,0.013595776500753514,-91.0423452732257
1121279,24/08/2017,24/08/2017,1178,144570,30-34,M,7,10,13,93891.0,11,17.6400001,5.0,3.0,0.011715712901130035,-71.65532895887003
1121282,24/08/2017,24/08/2017,1178,144570,30-34,M,7,11,10,185823.0,25,38.54999936,4.0,1.0,0.013453662894259592,-89.62386493798375
1121284,24/08/2017,24/08/2017,1178,144571,30-34,M,66,68,70,175631.0,23,40.75999951,1.0,0.0,0.013095638013790276,-97.54661429827874
1121285,24/08/2017,24/08/2017,1178,144571,30-34,M,66,68,70,37187.0,4,6.370000005,1.0,0.0,0.010756447145507839,-84.30141288516373
1121286,24/08/2017,24/08/2017,1178,144571,30-34,M,66,67,69,10991.0,0,0.0,1.0,0.0,0.0,0.0
1121287,24/08/2017,24/08/2017,1178,144571,30-34,M,66,69,69,344618.0,51,89.76000047,3.0,1.0,0.014798994829057102,-96.65775402819581
1121289,24/08/2017,24/08/2017,1178,144572,35-39,M,10,14,13,98066.0,9,16.1500001,1.0,0.0,0.009177492708991904,-93.80804957394396
1121290,24/08/2017,24/08/2017,1178,144572,35-39,M,10,13,12,770749.0,100,189.1299984,13.0,3.0,0.01297439244163794,-93.12642092212909
1121291,24/08/2017,24/08/2017,1178,144572,35-39,M,10,16,14,52553.0,5,8.529999852,1.0,0.0,0.009514204707628489,-88.2766703710372
1121292,23/08/2017,23/08/2017,1178,144572,35-39,M,10,15,16,362296.0,39,67.77000129,7.0,3.0,0.01076467860533928,-89.67094604285789
1121293,23/08/2017,23/08/2017,1178,144572,35-39,M,10,16,13,427729.0,50,96.8999989,4.0,1.0,0.011689644611424523,-95.8720329768755
1121296,23/08/2017,23/08/2017,1178,144573,35-39,M,15,17,19,180351.0,21,37.13000011,1.0,1.0,0.011643960942828152,-97.30676004029777
1121297,23/08/2017,23/08/2017,1178,144573,35-39,M,15,16,16,187329.0,29,53.15999961,2.0,1.0,0.015480785142716825,-96.23777273387381
1121300,23/08/2017,23/08/2017,1178,144573,35-39,M,15,16,17,782894.0,118,192.9299995,5.0,2.0,0.015072283093241231,-97.40838645469442
1121302,23/08/2017,23/08/2017,1178,144574,35-39,M,16,17,22,1206533.0,128,236.1199988,17.0,6.0,0.010608909992515746,-92.80027101202916
1121303,23/08/2017,23/08/2017,1178,144574,35-39,M,16,19,21,84494.0,7,12.57000017,2.0,0.0,0.008284611925107108,-84.08910124939163
1121304,23/08/2017,23/08/2017,1178,144574,35-39,M,16,17,20,94257.0,7,12.5800004,1.0,1.0,0.007426504132319085,-92.05087465656996
1121309,23/08/2017,23/08/2017,1178,144575,35-39,M,18,24,20,131060.0,16,28.04999959,2.0,1.0,0.01220814893941706,-92.8698751185971
1121310,23/08/2017,23/08/2017,1178,144575,35-39,M,18,21,19,341603.0,50,83.48000121,4.0,2.0,0.01463687379794674,-95.20843322709386
1121311,30/08/2017,30/08/2017,1178,144575,35-39,M,18,20,24,140749.0,19,30.4799999,1.0,1.0,0.01349920780964696,-96.71916009422297
1121312,30/08/2017,30/08/2017,1178,144575,35-39,M,18,19,21,102525.0,13,20.29999983,2.0,1.0,0.012679834186783711,-90.14778316872528
1121316,28/08/2017,28/08/2017,1178,144576,35-39,M,19,23,23,447952.0,68,131.5799983,8.0,1.0,0.015180197878344109,-93.92004856105854
1121317,28/08/2017,28/08/2017,1178,144576,35-39,M,19,25,23,76355.0,9,14.62999988,2.0,0.0,0.011787047344640167,-86.32945990154035
1121319,28/08/2017,28/08/2017,1178,144577,35-39,M,20,26,26,256598.0,38,64.46999931,6.0,1.0,0.014809156735438311,-90.69334564259978
1121321,28/08/2017,28/08/2017,1178,144577,35-39,M,20,21,21,127476.0,21,30.15000057,3.0,2.0,0.0164736891650193,-90.04975143189525
1121322,28/08/2017,28/08/2017,1178,144577,35-39,M,20,22,24,237603.0,37,62.25000024,5.0,2.0,0.015572193953780044,-91.96787151691102
1121327,28/08/2017,28/08/2017,1178,144578,35-39,M,21,22,22,271091.0,42,78.03999984,3.0,1.0,0.015492952550988414,-96.1558175215906
1121330,28/08/2017,28/08/2017,1178,144578,35-39,M,21,23,22,21743.0,2,3.400000095,1.0,0.0,0.009198362691440923,-70.58823611591694
1121333,28/08/2017,28/08/2017,1178,144579,35-39,M,22,25,25,88970.0,10,14.8300004,2.0,0.0,0.011239743733842868,-86.51382369483956
1121334,28/08/2017,28/08/2017,1178,144579,35-39,M,22,24,26,108362.0,13,22.42999983,1.0,1.0,0.01199682545541795,-95.54168520918799
1121335,28/08/2017,28/08/2017,1178,144579,35-39,M,22,25,23,188596.0,27,44.14000034,3.0,0.0,0.014316316358777491,-93.20344364093405
1121336,27/08/2017,27/08/2017,1178,144579,35-39,M,22,24,24,275080.0,43,69.65999997,4.0,3.0,0.01563181619892395,-94.25782371271512
1121337,27/08/2017,27/08/2017,1178,144580,35-39,M,23,28,28,64647.0,10,16.26999998,1.0,0.0,0.015468621900474887,-93.85371849275195
1121338,27/08/2017,27/08/2017,1178,144580,35-39,M,23,27,24,31265.0,4,5.789999902,1.0,0.0,0.012793858947705102,-82.72884254014275
1121340,27/08/2017,27/08/2017,1178,144580,35-39,M,23,27,28,140147.0,24,42.08000016,2.0,0.0,0.017124876023032958,-95.24714830704507
1121341,27/08/2017,27/08/2017,1178,144580,35-39,M,23,26,27,223120.0,40,67.66999984,1.0,0.0,0.017927572606669058,-98.52224028023583
1121342,28/08/2017,28/08/2017,1178,144580,35-39,M,23,29,27,104869.0,18,34.07000089,1.0,0.0,0.017164271615062603,-97.06486652809711
1121344,28/08/2017,28/08/2017,1178,144581,35-39,M,24,27,27,165177.0,23,41.71999967,4.0,1.0,0.013924456794832209,-90.41227221562919
1121345,27/08/2017,27/08/2017,1178,144581,35-39,M,24,29,29,84194.0,11,19.56999981,1.0,0.0,0.013065064018813691,-94.8901379166646
1121347,27/08/2017,27/08/2017,1178,144581,35-39,M,24,25,28,220581.0,31,57.37,1.0,1.0,0.014053794297786302,-98.25692870838417
1121350,29/08/2017,29/08/2017,1178,144582,35-39,M,25,27,31,75804.0,10,17.36999965,2.0,1.0,0.013191915993878952,-88.48589498964094
1121352,29/08/2017,29/08/2017,1178,144582,35-39,M,25,30,29,368986.0,59,100.289999,0.0,0.0,0.01598976654940838,-100.0
1121353,30/08/2017,30/08/2017,1178,144582,35-39,M,25,30,27,28194.0,3,3.709999919,2.0,0.0,0.010640561821664184,-46.09164302787684
1121355,29/08/2017,29/08/2017,1178,144583,35-39,M,26,29,27,99961.0,14,23.2099998,1.0,0.0,0.014005462130230791,-95.69151224206387
1121359,29/08/2017,29/08/2017,1178,144583,35-39,M,26,28,27,7573.0,0,0.0,1.0,0.0,0.0,0.0
1121361,30/08/2017,30/08/2017,1178,144584,35-39,M,27,28,33,685781.0,103,177.8899992,10.0,1.0,0.015019372073592007,-94.37854851595277
1121364,30/08/2017,30/08/2017,1178,144584,35-39,M,27,30,28,274222.0,43,66.7700001,2.0,1.0,0.01568072583527215,-97.00464280814042
1121365,30/08/2017,30/08/2017,1178,144584,35-39,M,27,33,31,110503.0,25,32.67999995,4.0,0.0,0.02262382016777825,-87.76009790048974
1121367,30/08/2017,30/08/2017,1178,144585,35-39,M,28,31,29,1447755.0,233,420.5799983,11.0,8.0,0.016093883288263555,-97.38456416271283
1121368,30/08/2017,30/08/2017,1178,144585,35-39,M,28,33,31,358987.0,52,87.55000067,1.0,0.0,0.014485204199594972,-98.85779555414366
1121369,30/08/2017,30/08/2017,1178,144585,35-39,M,28,33,31,826205.0,125,232.3700008,5.0,1.0,0.015129417033302872,-97.84825924913454
1121370,29/08/2017,29/08/2017,1178,144585,35-39,M,28,33,32,550954.0,84,150.1400012,3.0,0.0,0.0152462819037524,-98.00186494203918
1121372,29/08/2017,29/08/2017,1178,144585,35-39,M,28,34,34,378350.0,55,96.48000073,4.0,0.0,0.01453680454605524,-95.85406304961167
1121373,29/08/2017,29/08/2017,1178,144586,35-39,M,29,32,33,492784.0,56,95.5100013,7.0,4.0,0.011364005324848209,-92.67092461027953
1121374,29/08/2017,29/08/2017,1178,144586,35-39,M,29,34,35,327158.0,43,72.3100003,6.0,2.0,0.013143496414576444,-91.70239251126098
1121375,29/08/2017,29/08/2017,1178,144586,35-39,M,29,31,35,9921.0,0,0.0,1.0,0.0,0.0,0.0
1121377,29/08/2017,29/08/2017,1178,144586,35-39,M,29,34,30,59390.0,5,9.209999919,5.0,3.0,0.008418925745074928,-45.71118301874113
1121378,29/08/2017,29/08/2017,1178,144586,35-39,M,29,33,33,1040330.0,147,254.2500038,13.0,2.0,0.014130131785106649,-94.88692239697029
1121379,29/08/2017,29/08/2017,1178,144587,35-39,M,30,31,35,49422.0,6,11.17000031,1.0,0.0,0.012140342357654486,-91.04744877128836
1121380,29/08/2017,29/08/2017,1178,144587,35-39,M,30,35,32,131091.0,18,34.23000026,3.0,1.0,0.013730919742774102,-91.23575817349409
1121381,29/08/2017,29/08/2017,1178,144587,35-39,M,30,31,36,95691.0,15,25.26000011,1.0,1.0,0.015675455371978557,-96.04117183038286
1121390,29/08/2017,29/08/2017,1178,144588,35-39,M,31,32,36,15513.0,1,1.289999962,1.0,0.0,0.00644620640752917,-22.480617871522078
1121391,20/08/2017,20/08/2017,1178,144589,35-39,M,32,33,33,382537.0,63,113.9900012,4.0,3.0,0.016468995156024124,-96.49092029310374
1121394,20/08/2017,20/08/2017,1178,144589,35-39,M,32,37,33,461356.0,64,121.0999982,6.0,3.0,0.013872150790279092,-95.04541693709126
1121395,23/08/2017,23/08/2017,1178,144589,35-39,M,32,38,34,392541.0,53,98.70000017,3.0,2.0,0.013501774336948243,-96.96048632742368
1121398,23/08/2017,23/08/2017,1178,144590,35-39,M,36,39,38,35088.0,5,8.800000072,1.0,1.0,0.014249886000911993,-88.63636372933884
1121400,23/08/2017,23/08/2017,1178,144590,35-39,M,36,38,41,53933.0,6,9.929999948,3.0,1.0,0.01112491424545269,-69.78851947925509
1121403,24/08/2017,24/08/2017,1178,144591,35-39,M,63,65,68,228861.0,33,53.38999939,4.0,2.0,0.01441923263465597,-92.50796020659028
1121405,24/08/2017,24/08/2017,1178,144591,35-39,M,63,66,69,20959.0,2,3.769999981,1.0,1.0,0.009542440001908488,-73.47480092732658
1121410,24/08/2017,24/08/2017,1178,144592,35-39,M,64,68,70,24992.0,2,3.190000057,1.0,0.0,0.008002560819462228,-68.65203817769086
1121411,24/08/2017,24/08/2017,1178,144592,35-39,M,64,70,65,100351.0,15,24.17999995,2.0,1.0,0.014947534155115546,-91.72870138901716
1121412,24/08/2017,24/08/2017,1178,144592,35-39,M,64,68,70,292448.0,43,76.89999968,2.0,1.0,0.014703468650837073,-97.3992197551073
1121413,23/08/2017,23/08/2017,1178,144592,35-39,M,64,67,69,65060.0,7,14.5200001,1.0,1.0,0.010759299108515216,-93.11294770583369
1121414,23/08/2017,23/08/2017,1178,144592,35-39,M,64,70,66,133316.0,21,36.17000055,2.0,0.0,0.015752047766209608,-94.4705557932318
1121415,23/08/2017,23/08/2017,1178,144593,35-39,M,65,66,71,113501.0,26,38.44000077,5.0,4.0,0.022907287160465546,-86.99271618146744
1121418,23/08/2017,23/08/2017,1178,144593,35-39,M,65,71,70,192810.0,41,61.92999995,4.0,3.0,0.02126445723769514,-93.54109477921936
1121421,21/08/2017,21/08/2017,1178,144594,35-39,M,2,8,6,233404.0,43,70.4100008,2.0,1.0,0.018422991893883568,-97.1594944222753
1121422,23/08/2017,23/08/2017,1178,144594,35-39,M,2,7,7,128843.0,24,37.5999999,2.0,0.0,0.018627321623991992,-94.68085104968311
1121423,23/08/2017,23/08/2017,1178,144594,35-39,M,2,5,7,63564.0,12,20.59000027,2.0,0.0,0.018878610534264678,-90.28654699478544
1121425,23/08/2017,23/08/2017,1178,144594,35-39,M,2,8,7,85970.0,14,24.78000021,1.0,1.0,0.016284750494358496,-95.96448752411048
1121428,23/08/2017,23/08/2017,1178,144595,35-39,M,7,9,13,131232.0,16,29.53999937,1.0,1.0,0.0121921482565228,-96.61475957573793
1121429,23/08/2017,23/08/2017,1178,144595,35-39,M,7,13,9,152454.0,22,37.84999979,1.0,1.0,0.01443058233959096,-97.3579920593178
1121430,23/08/2017,23/08/2017,1178,144595,35-39,M,7,10,9,28989.0,2,2.290000021,1.0,0.0,0.006899168650177653,-56.33187812970767
1121433,24/08/2017,24/08/2017,1178,144596,35-39,M,66,69,72,80248.0,15,24.1900003,1.0,1.0,0.018692054630645,-95.86606040678718
1121437,24/08/2017,24/08/2017,1178,144596,35-39,M,66,68,68,38580.0,5,8.519999981,1.0,0.0,0.012960082944530845,-88.2629107719478
1121439,25/08/2017,25/08/2017,1178,144597,40-44,M,10,11,15,621591.0,91,163.36,5.0,1.0,0.014639851606603057,-96.9392752203722
1121440,25/08/2017,25/08/2017,1178,144597,40-44,M,10,15,11,250499.0,36,58.14000005,3.0,1.0,0.014371314855548325,-94.84004128410729
1121442,25/08/2017,25/08/2017,1178,144597,40-44,M,10,15,14,131637.0,18,29.30999982,2.0,1.0,0.01367396704573942,-93.17639026856875
1121443,25/08/2017,25/08/2017,1178,144597,40-44,M,10,12,15,463813.0,69,116.3399996,4.0,2.0,0.014876685215808958,-96.56180160413203
1121444,25/08/2017,25/08/2017,1178,144597,40-44,M,10,13,12,211767.0,35,60.89999914,5.0,1.0,0.01652759872879155,-91.78981926008612
1121446,25/08/2017,25/08/2017,1178,144598,40-44,M,15,17,17,163181.0,26,40.02000093,1.0,1.0,0.015933227520360825,-97.50124943337926
1121451,25/08/2017,25/08/2017,1178,144599,40-44,M,16,20,18,1117385.0,147,260.0699984,11.0,2.0,0.013155716248204512,-95.77036948987808
1121452,25/08/2017,25/08/2017,1178,144599,40-44,M,16,21,22,1663441.0,205,359.4700001,17.0,6.0,0.012323851582352486,-95.2708153683838
1121453,25/08/2017,25/08/2017,1178,144599,40-44,M,16,18,17,455248.0,54,105.7099996,5.0,2.0,0.011861666608090534,-95.2700784987989
1121454,25/08/2017,25/08/2017,1178,144599,40-44,M,16,22,20,75589.0,6,10.66000009,1.0,1.0,0.00793766288745717,-90.61913703980092
1121455,24/08/2017,24/08/2017,1178,144599,40-44,M,16,21,22,594267.0,82,143.3000009,3.0,2.0,0.0137985114435094,-97.90648989451611
1121456,24/08/2017,24/08/2017,1178,144599,40-44,M,16,22,22,315281.0,35,65.02999854,1.0,0.0,0.011101208128621769,-98.4622481586173
1121464,24/08/2017,24/08/2017,1178,144601,40-44,M,19,23,25,363456.0,71,117.5599997,7.0,1.0,0.0195346892058461,-94.04559372417215
1121466,24/08/2017,24/08/2017,1178,144601,40-44,M,19,23,25,438983.0,81,143.4300001,3.0,1.0,0.018451739589004586,-97.90838736811797
1121467,24/08/2017,24/08/2017,1178,144601,40-44,M,19,20,24,42563.0,5,9.659999847,1.0,1.0,0.011747292249136574,-89.64803296233427
1121469,25/08/2017,25/08/2017,1178,144602,40-44,M,20,26,21,399035.0,75,124.7999995,7.0,3.0,0.018795343766837495,-94.3910256185538
1121471,24/08/2017,24/08/2017,1178,144602,40-44,M,20,21,26,304680.0,59,98.55000019,3.0,0.0,0.01936457923066824,-96.95585997542756
1121472,24/08/2017,24/08/2017,1178,144602,40-44,M,20,21,25,140596.0,23,40.77000022,1.0,0.0,0.016358929130273977,-97.54721610349797
1121473,24/08/2017,24/08/2017,1178,144602,40-44,M,20,25,22,439986.0,80,134.8799999,4.0,3.0,0.018182396712622673,-97.034400946793
1121474,21/08/2017,21/08/2017,1178,144602,40-44,M,20,26,26,75803.0,11,19.3599999,2.0,2.0,0.014511299025104547,-89.66942143424288
1121477,21/08/2017,21/08/2017,1178,144603,40-44,M,21,27,22,7073.0,0,0.0,1.0,0.0,0.0,0.0
1121481,19/08/2017,19/08/2017,1178,144604,40-44,M,22,27,25,153586.0,28,43.01000035,2.0,0.0,0.018230828330707226,-95.34991866141661
1121482,19/08/2017,19/08/2017,1178,144604,40-44,M,22,24,24,180815.0,31,42.62999976,1.0,0.0,0.017144595304593092,-97.65423409422979
1121483,19/08/2017,19/08/2017,1178,144604,40-44,M,22,26,23,253169.0,51,75.78999984,1.0,0.0,0.020144646461454602,-98.6805647155151
1121484,19/08/2017,19/08/2017,1178,144604,40-44,M,22,28,27,34453.0,5,7.710000038,1.0,1.0,0.014512524308478216,-87.02983145173364
1121487,19/08/2017,19/08/2017,1178,144605,40-44,M,23,25,26,51550.0,8,14.03999984,1.0,0.0,0.015518913676042675,-92.8774927963247
1121489,19/08/2017,19/08/2017,1178,144605,40-44,M,23,28,24,110018.0,24,39.85999966,1.0,0.0,0.02181461215437474,-97.4912192460365
1121493,19/08/2017,19/08/2017,1178,144606,40-44,M,24,28,30,137584.0,21,36.77999961,1.0,0.0,0.015263402721246657,-97.28113102065365
1121497,19/08/2017,19/08/2017,1178,144606,40-44,M,24,25,27,209825.0,30,54.86999953,1.0,0.0,0.01429762897652806,-98.17751046370384
1121499,19/08/2017,19/08/2017,1178,144607,40-44,M,25,27,31,264222.0,63,87.7899996,1.0,1.0,0.02384358607534573,-98.86091809482136
1121510,19/08/2017,19/08/2017,1178,144608,40-44,M,26,30,31,31202.0,5,6.730000019,1.0,0.0,0.016024613806807256,-85.14115903154799
1121511,18/08/2017,18/08/2017,1178,144609,40-44,M,27,29,32,252991.0,49,76.83999932,3.0,0.0,0.019368277922930065,-96.09578341157122
1121514,18/08/2017,18/08/2017,1178,144609,40-44,M,27,31,30,56265.0,9,15.53999972,1.0,0.0,0.015995734470807786,-93.5649934490475
1121523,18/08/2017,18/08/2017,1178,144611,40-44,M,29,32,34,76923.0,11,17.67000008,2.0,2.0,0.014300014300014301,-88.68138092277813
1121524,18/08/2017,18/08/2017,1178,144611,40-44,M,29,30,35,209332.0,30,49.60000014,3.0,1.0,0.014331301473257792,-93.95161292029786
1121525,18/08/2017,18/08/2017,1178,144611,40-44,M,29,32,33,214094.0,31,53.26999903,1.0,0.0,0.014479621101011706,-98.12277075613079
1121526,19/08/2017,19/08/2017,1178,144611,40-44,M,29,35,32,526209.0,85,126.9299996,3.0,2.0,0.016153277500004753,-97.63649254750332
1121527,19/08/2017,19/08/2017,1178,144611,40-44,M,29,35,35,741143.0,120,179.620001,4.0,1.0,0.01619120736484052,-97.77307650722037
1121528,19/08/2017,19/08/2017,1178,144611,40-44,M,29,33,31,172827.0,25,38.42000043,2.0,0.0,0.01446533238440753,-94.7943779864242
1121530,19/08/2017,19/08/2017,1178,144612,40-44,M,30,36,33,188873.0,38,58.5999999,1.0,1.0,0.02011933945031847,-98.29351535544968
1121532,19/08/2017,19/08/2017,1178,144612,40-44,M,30,35,32,123126.0,25,39.72999978,2.0,1.0,0.0203044036190569,-94.96602061144034
1121535,20/08/2017,20/08/2017,1178,144613,40-44,M,31,33,32,77794.0,14,19.11000001,1.0,1.0,0.017996246497159165,-94.76713762701877
1121541,21/08/2017,21/08/2017,1178,144614,40-44,M,32,33,37,56630.0,9,15.81000018,1.0,1.0,0.015892636411795866,-93.67488938257557
1121544,21/08/2017,21/08/2017,1178,144614,40-44,M,32,33,36,400844.0,85,140.9700022,4.0,2.0,0.02120525690792428,-97.16251689183842
1121545,20/08/2017,20/08/2017,1178,144614,40-44,M,32,33,35,208572.0,36,60.76000023,2.0,1.0,0.017260226684310456,-96.70836077612043
1121548,21/08/2017,21/08/2017,1178,144615,40-44,M,36,38,37,59004.0,8,13.51000011,1.0,0.0,0.013558402820147787,-92.59807555989724
1121551,21/08/2017,21/08/2017,1178,144615,40-44,M,36,40,39,196253.0,32,55.10000002,1.0,0.0,0.01630548322828186,-98.18511796799089
1121554,21/08/2017,21/08/2017,1178,144616,40-44,M,63,64,66,51858.0,8,12.63000011,1.0,1.0,0.01542674225770373,-92.08234369524483
1121557,21/08/2017,21/08/2017,1178,144616,40-44,M,63,68,64,280764.0,49,81.36000025,2.0,1.0,0.01745237993474947,-97.5417895847413
1121561,21/08/2017,21/08/2017,1178,144617,40-44,M,64,69,70,63660.0,11,16.47000003,1.0,1.0,0.017279296261388626,-93.92835459515176
1121562,20/08/2017,20/08/2017,1178,144617,40-44,M,64,65,67,109289.0,19,31.02999997,1.0,0.0,0.017385098225804977,-96.7773122753245
1121568,20/08/2017,20/08/2017,1178,144618,40-44,M,65,70,70,188440.0,40,60.72999966,2.0,1.0,0.021226915729144556,-96.70673470904478
1121571,20/08/2017,20/08/2017,1178,144619,40-44,M,2,3,5,212496.0,44,74.83000135,2.0,1.0,0.0207062721180634,-97.32727520524092
1121572,20/08/2017,20/08/2017,1178,144619,40-44,M,2,6,3,32574.0,5,7.480000019,1.0,0.0,0.015349665377294775,-86.6310160767394
1121575,20/08/2017,20/08/2017,1178,144619,40-44,M,2,4,5,128595.0,23,36.4800005,1.0,1.0,0.01788560986041448,-97.25877196739621
1121577,20/08/2017,20/08/2017,1178,144620,40-44,M,7,9,11,242234.0,48,68.06000054,2.0,0.0,0.01981555025306109,-97.06141642061175
1121584,20/08/2017,20/08/2017,1178,144621,40-44,M,66,67,67,33154.0,5,7.879999995,1.0,1.0,0.015081136514447728,-87.3096446619985
1121585,20/08/2017,20/08/2017,1178,144621,40-44,M,66,72,68,9773.0,1,1.460000038,1.0,0.0,0.010232272587741738,-31.50685109776689
1121589,20/08/2017,20/08/2017,1178,144622,45-49,M,10,16,11,464036.0,77,123.5500004,3.0,1.0,0.016593540156367177,-97.57183327374558
1121590,20/08/2017,20/08/2017,1178,144622,45-49,M,10,16,15,478480.0,75,135.7500012,3.0,1.0,0.015674636348436716,-97.7900552681542
1121592,20/08/2017,20/08/2017,1178,144622,45-49,M,10,14,11,428812.0,66,116.8800001,4.0,2.0,0.015391360316409055,-96.57768651901293
1121593,26/08/2017,26/08/2017,1178,144622,45-49,M,10,16,16,1177535.0,221,365.6600009,15.0,3.0,0.018768019634235925,-95.89782859402712
